{"stats":{"minecraft:custom":{"minecraft:jump":51,"minecraft:time_since_rest":10814,"minecraft:damage_dealt":10,"minecraft:crouch_one_cm":28,"minecraft:leave_game":1,"minecraft:sprint_one_cm":2538,"minecraft:play_time":10814,"minecraft:walk_on_water_one_cm":1734,"minecraft:time_since_death":10814,"minecraft:walk_one_cm":17900,"minecraft:sneak_time":53,"minecraft:total_world_time":10814,"minecraft:walk_under_water_one_cm":3464,"minecraft:swim_one_cm":4932,"minecraft:fall_one_cm":269,"minecraft:fly_one_cm":16719}},"DataVersion":3120}