{"stats":{"minecraft:killed_by":{"minecraft:creeper":1},"minecraft:used":{"minecraft:stone_pickaxe":65,"minecraft:spruce_planks":114,"minecraft:chest":1,"minecraft:wooden_pickaxe":10,"minecraft:torch":2,"minecraft:golden_apple":1,"minecraft:dirt":4,"minecraft:crafting_table":4,"minecraft:spruce_log":2,"minecraft:cyan_bed":1,"minecraft:stone_axe":90,"minecraft:diamond_sword":21,"minecraft:cooked_porkchop":3,"tombstone:gift":2,"alexsmobs:animal_dictionary":1,"minecraft:golden_pickaxe":1},"minecraft:custom":{"minecraft:mob_kills":5,"minecraft:interact_with_crafting_table":9,"minecraft:damage_dealt_resisted":363,"minecraft:time_since_death":21100,"minecraft:climb_one_cm":146,"minecraft:time_since_rest":21122,"minecraft:sprint_one_cm":64677,"minecraft:walk_one_cm":76702,"minecraft:damage_taken":823,"minecraft:damage_absorbed":41,"minecraft:drop":13,"minecraft:damage_dealt":1585,"minecraft:swim_one_cm":1806,"minecraft:fly_one_cm":45542,"minecraft:open_chest":20,"minecraft:crouch_one_cm":21363,"minecraft:play_time":32529,"tombstone:undead_killed":5,"minecraft:deaths":1,"minecraft:sneak_time":7298,"minecraft:walk_under_water_one_cm":183,"minecraft:jump":362,"minecraft:walk_on_water_one_cm":885,"minecraft:total_world_time":32529,"minecraft:fall_one_cm":9182},"minecraft:mined":{"minecraft:podzol":3,"minecraft:dark_prismarine":4,"minecraft:spruce_planks":1,"minecraft:mossy_cobblestone":1,"minecraft:crafting_table":2,"minecraft:dark_oak_wood":1,"minecraft:chest":1,"minecraft:spruce_leaves":14,"minecraft:cyan_bed":1,"minecraft:wall_torch":1,"minecraft:spawner":6,"minecraft:cyan_wool":7,"minecraft:spruce_sapling":2,"minecraft:spruce_log":92,"minecraft:andesite":12,"minecraft:coal_ore":4,"minecraft:dirt":3,"minecraft:smooth_quartz":1,"minecraft:stone":45,"minecraft:netherrack":2,"minecraft:oak_leaves":5,"minecraft:fern":1},"minecraft:killed":{"minecraft:zombie":1,"minecraft:wither_skeleton":4},"minecraft:dropped":{"minecraft:mossy_cobblestone":1,"minecraft:cooked_porkchop":1,"minecraft:yellow_terracotta":1,"minecraft:cobblestone":36,"minecraft:stick":2,"minecraft:diamond_sword":1,"minecraft:cornflower":2,"tombstone:grave_key":1,"minecraft:andesite":12,"minecraft:smooth_quartz":2,"minecraft:dark_prismarine":2},"minecraft:picked_up":{"minecraft:crafting_table":2,"minecraft:andesite":12,"minecraft:diamond_sword":1,"minecraft:cornflower":2,"minecraft:dirt":6,"minecraft:bone":6,"minecraft:spruce_wood":1,"minecraft:cyan_wool":7,"minecraft:smooth_quartz":2,"minecraft:chest":1,"minecraft:stick":5,"minecraft:torch":2,"minecraft:spruce_sapling":2,"minecraft:spruce_log":87,"minecraft:cyan_bed":1,"minecraft:spider_eye":1,"minecraft:mossy_cobblestone":1,"minecraft:dark_prismarine":4,"minecraft:yellow_terracotta":1,"minecraft:netherrack":2,"minecraft:coal":2,"minecraft:cobblestone":45},"minecraft:crafted":{"minecraft:crafting_table":2,"minecraft:spruce_planks":240,"minecraft:wooden_pickaxe":1,"minecraft:cyan_bed":1,"minecraft:stone_axe":1,"minecraft:diamond_helmet":1,"minecraft:stick":8,"minecraft:stone_pickaxe":1,"minecraft:chest":1,"minecraft:torch":4,"minecraft:diamond_chestplate":1}},"DataVersion":3120}