{"stats":{"minecraft:killed_by":{"minecraft:creeper":1},"minecraft:used":{"minecraft:stone_pickaxe":4,"minecraft:spruce_planks":110,"minecraft:wooden_pickaxe":9,"minecraft:stone_axe":85,"minecraft:dirt":4,"minecraft:crafting_table":2,"alexsmobs:animal_dictionary":1,"tombstone:gift":2,"minecraft:spruce_log":2},"minecraft:custom":{"minecraft:time_since_rest":9122,"minecraft:sprint_one_cm":32630,"minecraft:damage_taken":530,"minecraft:walk_one_cm":43076,"minecraft:mob_kills":1,"minecraft:damage_dealt":302,"minecraft:interact_with_crafting_table":3,"minecraft:fly_one_cm":22204,"minecraft:open_chest":10,"minecraft:crouch_one_cm":12708,"minecraft:play_time":20529,"tombstone:undead_killed":1,"minecraft:deaths":1,"minecraft:sneak_time":4752,"minecraft:jump":238,"minecraft:time_since_death":9100,"minecraft:walk_on_water_one_cm":494,"minecraft:total_world_time":20529,"minecraft:fall_one_cm":2394},"minecraft:mined":{"minecraft:podzol":3,"minecraft:spruce_sapling":2,"minecraft:mossy_cobblestone":1,"minecraft:spruce_log":92,"minecraft:crafting_table":1,"minecraft:dirt":3,"minecraft:spruce_leaves":14,"minecraft:stone":8,"minecraft:oak_leaves":5,"minecraft:fern":1,"minecraft:spawner":4},"minecraft:killed":{"minecraft:zombie":1},"minecraft:picked_up":{"minecraft:stick":1,"minecraft:crafting_table":1,"minecraft:spruce_sapling":2,"minecraft:spruce_log":87,"minecraft:mossy_cobblestone":1,"minecraft:spider_eye":1,"minecraft:dirt":6,"minecraft:cobblestone":8},"minecraft:crafted":{"minecraft:crafting_table":2,"minecraft:spruce_planks":136,"minecraft:stick":8,"minecraft:wooden_pickaxe":1,"minecraft:stone_pickaxe":1,"minecraft:stone_axe":1}},"DataVersion":3120}