{"stats":{"minecraft:used":{"alexsmobs:animal_dictionary":1},"minecraft:custom":{"minecraft:jump":49,"minecraft:time_since_rest":8529,"minecraft:damage_dealt":60,"minecraft:damage_taken":20,"minecraft:crouch_one_cm":954,"minecraft:sprint_one_cm":2297,"minecraft:play_time":8529,"minecraft:time_since_death":8529,"minecraft:walk_one_cm":19280,"minecraft:sneak_time":339,"minecraft:total_world_time":8529,"minecraft:fall_one_cm":1641,"minecraft:fly_one_cm":5236},"minecraft:mined":{"minecraft:spruce_leaves":4,"minecraft:spruce_log":6,"minecraft:spruce_sapling":2},"minecraft:picked_up":{"minecraft:spruce_sapling":2,"minecraft:spruce_log":3,"minecraft:spider_eye":1}},"DataVersion":3120}