{"stats":{"minecraft:killed_by":{"minecraft:creeper":1},"minecraft:used":{"minecraft:stone_pickaxe":65,"minecraft:spruce_planks":118,"minecraft:chest":1,"minecraft:wooden_pickaxe":10,"minecraft:torch":2,"minecraft:golden_apple":1,"minecraft:dirt":4,"minecraft:crafting_table":4,"minecraft:spruce_log":2,"minecraft:cyan_bed":1,"minecraft:stone_axe":90,"minecraft:diamond_sword":23,"minecraft:cooked_porkchop":4,"tombstone:gift":2,"alexsmobs:animal_dictionary":1,"minecraft:golden_pickaxe":1},"minecraft:custom":{"minecraft:mob_kills":6,"minecraft:interact_with_crafting_table":9,"minecraft:damage_dealt_resisted":363,"minecraft:time_since_death":27100,"minecraft:climb_one_cm":146,"minecraft:time_since_rest":27122,"minecraft:waystone_activated":1,"minecraft:sprint_one_cm":110214,"minecraft:walk_one_cm":93882,"minecraft:damage_taken":865,"minecraft:damage_absorbed":41,"minecraft:drop":17,"minecraft:damage_dealt":1705,"minecraft:swim_one_cm":2905,"minecraft:fly_one_cm":114362,"minecraft:open_chest":20,"minecraft:crouch_one_cm":22443,"minecraft:play_time":38529,"tombstone:undead_killed":5,"minecraft:deaths":1,"minecraft:sneak_time":7601,"minecraft:walk_under_water_one_cm":740,"minecraft:jump":629,"minecraft:walk_on_water_one_cm":1455,"minecraft:total_world_time":38529,"minecraft:fall_one_cm":14573},"minecraft:mined":{"minecraft:podzol":3,"minecraft:dark_prismarine":4,"minecraft:spruce_planks":1,"minecraft:mossy_cobblestone":1,"minecraft:crafting_table":2,"minecraft:dark_oak_wood":1,"minecraft:chest":1,"minecraft:spruce_leaves":14,"minecraft:cyan_bed":1,"minecraft:wall_torch":1,"minecraft:spawner":6,"minecraft:cyan_wool":7,"minecraft:spruce_sapling":2,"minecraft:spruce_log":92,"minecraft:andesite":12,"minecraft:coal_ore":4,"minecraft:dirt":3,"minecraft:smooth_quartz":1,"minecraft:stone":45,"minecraft:netherrack":2,"minecraft:oak_leaves":5,"minecraft:fern":1},"minecraft:killed":{"betteranimalsplus:boar":1,"minecraft:zombie":1,"minecraft:wither_skeleton":4},"minecraft:dropped":{"minecraft:mossy_cobblestone":1,"minecraft:diamond":4,"minecraft:cooked_porkchop":1,"minecraft:yellow_terracotta":1,"minecraft:cobblestone":36,"minecraft:stick":2,"minecraft:diamond_sword":1,"minecraft:cornflower":2,"tombstone:grave_key":1,"minecraft:andesite":12,"minecraft:smooth_quartz":2,"minecraft:dark_prismarine":2},"minecraft:picked_up":{"minecraft:crafting_table":2,"minecraft:andesite":12,"minecraft:diamond_sword":1,"minecraft:cornflower":2,"minecraft:dirt":6,"minecraft:bone":6,"minecraft:wheat_seeds":1,"minecraft:spruce_wood":1,"minecraft:cyan_wool":7,"minecraft:smooth_quartz":2,"minecraft:chest":1,"minecraft:stick":5,"minecraft:torch":2,"minecraft:spruce_sapling":2,"minecraft:spruce_log":87,"minecraft:cyan_bed":1,"minecraft:spider_eye":1,"minecraft:mossy_cobblestone":1,"minecraft:dark_prismarine":4,"minecraft:yellow_terracotta":1,"minecraft:oak_sapling":1,"minecraft:netherrack":2,"minecraft:coal":2,"minecraft:cobblestone":45},"minecraft:crafted":{"minecraft:crafting_table":2,"minecraft:spruce_planks":240,"minecraft:wooden_pickaxe":1,"minecraft:cyan_bed":1,"minecraft:stone_axe":1,"minecraft:diamond_helmet":1,"minecraft:stick":8,"minecraft:stone_pickaxe":1,"minecraft:chest":1,"minecraft:torch":4,"minecraft:diamond_chestplate":1}},"DataVersion":3120}