{"stats":{"minecraft:killed_by":{"minecraft:creeper":1},"minecraft:used":{"minecraft:chest":7,"minecraft:spruce_planks":289,"byg:zelkova_door":2,"minecraft:torch":8,"minecraft:dirt":216,"minecraft:rooted_dirt":10,"tombstone:gift":2,"minecraft:stone_pickaxe":65,"minecraft:wooden_pickaxe":10,"minecraft:diamond_axe":56,"minecraft:sugar_cane":3,"minecraft:golden_apple":1,"minecraft:crafting_table":6,"minecraft:spruce_log":2,"minecraft:diamond_shovel":288,"minecraft:cyan_bed":2,"minecraft:bread":2,"minecraft:stone_axe":91,"minecraft:diamond_sword":109,"minecraft:cooked_porkchop":11,"alexsmobs:animal_dictionary":1,"minecraft:golden_pickaxe":5},"minecraft:custom":{"minecraft:mob_kills":37,"minecraft:interact_with_crafting_table":20,"minecraft:damage_dealt_resisted":705,"minecraft:time_since_death":69100,"minecraft:climb_one_cm":772,"minecraft:sprint_one_cm":257780,"minecraft:walk_one_cm":259988,"minecraft:drop":35,"minecraft:play_time":80529,"minecraft:deaths":1,"minecraft:sneak_time":13012,"minecraft:walk_under_water_one_cm":1773,"minecraft:jump":1537,"minecraft:walk_on_water_one_cm":4708,"minecraft:total_world_time":80529,"minecraft:sleep_in_bed":3,"minecraft:time_since_rest":4432,"minecraft:waystone_activated":1,"minecraft:damage_taken":1290,"minecraft:damage_absorbed":41,"minecraft:damage_dealt":5722,"minecraft:fly_one_cm":416989,"minecraft:swim_one_cm":10478,"minecraft:open_chest":58,"minecraft:crouch_one_cm":47379,"tombstone:undead_killed":9,"minecraft:fall_one_cm":28678},"minecraft:mined":{"minecraft:dark_prismarine":4,"minecraft:spruce_planks":12,"minecraft:mossy_cobblestone":1,"byg:yellow_daffodil":3,"byg:zelkova_log":26,"minecraft:grass_block":260,"byg:aspen_log":1,"byg:zelkova_leaves":4,"minecraft:spruce_leaves":51,"minecraft:rooted_dirt":22,"minecraft:spawner":6,"byg:crocus":1,"minecraft:spruce_sapling":2,"minecraft:andesite":12,"byg:white_anemone":1,"minecraft:packed_ice":3,"minecraft:stone":45,"minecraft:spruce_slab":1,"minecraft:podzol":3,"minecraft:red_wool":9,"minecraft:crafting_table":3,"minecraft:torch":3,"minecraft:dark_oak_wood":1,"minecraft:chest":3,"minecraft:cyan_bed":1,"minecraft:sugar_cane":2,"minecraft:wall_torch":2,"minecraft:cyan_wool":7,"untamedwilds:block_burrow":2,"minecraft:ice":1,"byg:kovan_flower":1,"minecraft:spruce_log":102,"byg:leaf_pile":3,"minecraft:grass":13,"minecraft:coal_ore":4,"minecraft:smooth_quartz":1,"minecraft:dirt":6,"byg:orange_daisy":1,"minecraft:netherrack":2,"minecraft:oak_leaves":5,"minecraft:fern":1},"minecraft:killed":{"betteranimalsplus:boar":1,"minecraft:skeleton":3,"minecraft:chicken":1,"orcz:squig":2,"orcz:orcsavagemace":2,"orcz:goblinsavagemace":2,"untamedwilds:boar":1,"minecraft:creeper":1,"minecraft:sheep":1,"minecraft:zombie":2,"orcz:bigorcboss":1,"untamedwilds:snake":4,"minecraft:wither_skeleton":4,"orcz:orcsavage_2sword":2,"orcz:snot":8,"orcz:orcshield":2},"minecraft:picked_up":{"minecraft:crafting_table":4,"minecraft:chicken":1,"minecraft:diamond_sword":2,"minecraft:gold_block":3,"minecraft:enchanted_book":7,"byg:crocus":8,"minecraft:cornflower":2,"minecraft:experience_bottle":58,"byg:zelkova_log":26,"minecraft:spruce_planks":34,"minecraft:cyan_wool":7,"minecraft:smooth_quartz":2,"minecraft:sugar_cane":3,"minecraft:chest":3,"byg:yellow_daffodil":8,"byg:zelkova_sapling":1,"minecraft:stick":5,"botania:lexicon":2,"minecraft:torch":6,"minecraft:porkchop":2,"orcz:squigs_claws":2,"tombstone:grave_dust":5,"byg:kovan_flower":12,"minecraft:arrow":4,"minecraft:beetroot_seeds":6,"byg:aspen_planks":4,"minecraft:diamond_boots":1,"minecraft:yellow_terracotta":1,"supplementaries:ash":2,"minecraft:obsidian":4,"minecraft:cobblestone":45,"minecraft:feather":2,"orcz:orcteeth":22,"minecraft:golden_carrot":80,"minecraft:andesite":12,"byg:white_anemone":10,"minecraft:dirt":313,"minecraft:name_tag":4,"minecraft:bone":10,"minecraft:wheat_seeds":9,"minecraft:spruce_wood":1,"minecraft:iron_ingot":21,"minecraft:stone_pickaxe":1,"minecraft:book":30,"minecraft:red_wool":24,"orcz:orcagaric":4,"byg:orange_daisy":3,"minecraft:spruce_sapling":3,"minecraft:spruce_log":96,"minecraft:cyan_bed":1,"minecraft:diamond_block":4,"minecraft:spider_eye":1,"minecraft:mossy_cobblestone":1,"minecraft:dark_prismarine":4,"minecraft:diamond":9,"byg:aspen_log":1,"minecraft:stone_axe":1,"minecraft:golden_apple":5,"minecraft:emerald":12,"minecraft:rooted_dirt":22,"orcz:ironscrap":28,"minecraft:oak_sapling":2,"minecraft:netherrack":2,"minecraft:coal":2},"minecraft:dropped":{"minecraft:enchanted_book":3,"minecraft:mossy_cobblestone":1,"minecraft:diamond":4,"minecraft:cooked_porkchop":1,"minecraft:yellow_terracotta":1,"minecraft:cobblestone":36,"orcz:orcagaric":4,"minecraft:red_wool":8,"minecraft:stick":2,"minecraft:golden_carrot":40,"minecraft:cornflower":2,"tombstone:grave_key":1,"minecraft:smooth_quartz":2,"byg:orange_daisy":1,"minecraft:stone_axe":2,"minecraft:obsidian":2,"orcz:ironscrap":14,"minecraft:diamond_sword":1,"botania:lexicon":1,"minecraft:andesite":12,"minecraft:beetroot_seeds":6,"minecraft:oak_sapling":2,"minecraft:dark_prismarine":2},"minecraft:crafted":{"byg:zelkova_planks":32,"minecraft:diamond_shovel":1,"minecraft:diamond_helmet":1,"minecraft:stone_pickaxe":1,"minecraft:chest":4,"minecraft:diamond_axe":1,"minecraft:crafting_table":3,"minecraft:spruce_planks":344,"minecraft:cyan_bed":1,"minecraft:wooden_pickaxe":1,"minecraft:stone_axe":1,"byg:zelkova_door":3,"minecraft:stick":12,"minecraft:torch":4,"minecraft:diamond_chestplate":1,"byg:aspen_planks":4}},"DataVersion":3120}