{"stats":{"minecraft:killed_by":{"minecraft:creeper":1},"minecraft:used":{"minecraft:stone_pickaxe":65,"minecraft:spruce_planks":132,"minecraft:chest":1,"minecraft:wooden_pickaxe":10,"minecraft:torch":5,"minecraft:golden_apple":1,"minecraft:dirt":4,"minecraft:crafting_table":4,"minecraft:spruce_log":2,"minecraft:bread":2,"minecraft:cyan_bed":1,"minecraft:stone_axe":91,"minecraft:diamond_sword":87,"minecraft:cooked_porkchop":8,"tombstone:gift":2,"alexsmobs:animal_dictionary":1,"minecraft:golden_pickaxe":5},"minecraft:custom":{"minecraft:mob_kills":25,"minecraft:interact_with_crafting_table":9,"minecraft:damage_dealt_resisted":705,"minecraft:time_since_death":39100,"minecraft:climb_one_cm":146,"minecraft:time_since_rest":39122,"minecraft:waystone_activated":1,"minecraft:sprint_one_cm":180065,"minecraft:walk_one_cm":133986,"minecraft:damage_taken":1107,"minecraft:damage_absorbed":41,"minecraft:drop":26,"minecraft:damage_dealt":4362,"minecraft:swim_one_cm":10478,"minecraft:fly_one_cm":311096,"minecraft:open_chest":25,"minecraft:crouch_one_cm":29636,"minecraft:play_time":50529,"tombstone:undead_killed":5,"minecraft:deaths":1,"minecraft:sneak_time":10094,"minecraft:walk_under_water_one_cm":1773,"minecraft:jump":1103,"minecraft:walk_on_water_one_cm":2892,"minecraft:total_world_time":50529,"minecraft:fall_one_cm":21174},"minecraft:mined":{"minecraft:podzol":3,"minecraft:dark_prismarine":4,"minecraft:spruce_planks":1,"minecraft:red_wool":9,"minecraft:mossy_cobblestone":1,"minecraft:crafting_table":2,"minecraft:torch":2,"minecraft:dark_oak_wood":1,"minecraft:grass_block":1,"minecraft:chest":1,"minecraft:spruce_leaves":14,"minecraft:cyan_bed":1,"minecraft:wall_torch":1,"minecraft:spawner":6,"minecraft:cyan_wool":7,"minecraft:spruce_sapling":2,"minecraft:ice":1,"minecraft:spruce_log":92,"minecraft:andesite":12,"minecraft:coal_ore":4,"minecraft:dirt":3,"minecraft:smooth_quartz":1,"minecraft:packed_ice":3,"minecraft:stone":45,"minecraft:netherrack":2,"minecraft:spruce_slab":1,"minecraft:oak_leaves":5,"minecraft:fern":1},"minecraft:killed":{"orcz:goblinsavagemace":2,"betteranimalsplus:boar":1,"minecraft:zombie":1,"orcz:bigorcboss":1,"orcz:squig":2,"orcz:orcsavagemace":2,"orcz:snot":8,"orcz:orcsavage_2sword":2,"minecraft:wither_skeleton":4,"orcz:orcshield":2},"minecraft:dropped":{"minecraft:stone_axe":2,"minecraft:mossy_cobblestone":1,"minecraft:diamond":4,"minecraft:cooked_porkchop":1,"minecraft:yellow_terracotta":1,"minecraft:cobblestone":36,"orcz:orcagaric":4,"orcz:ironscrap":6,"minecraft:stick":2,"minecraft:diamond_sword":1,"minecraft:cornflower":2,"tombstone:grave_key":1,"minecraft:beetroot_seeds":6,"minecraft:andesite":12,"minecraft:smooth_quartz":2,"minecraft:oak_sapling":2,"minecraft:dark_prismarine":2},"minecraft:picked_up":{"minecraft:crafting_table":2,"orcz:orcteeth":11,"minecraft:andesite":12,"minecraft:diamond_sword":1,"minecraft:gold_block":1,"minecraft:cornflower":2,"minecraft:dirt":7,"minecraft:name_tag":1,"minecraft:bone":6,"minecraft:wheat_seeds":1,"minecraft:spruce_wood":1,"minecraft:iron_ingot":4,"minecraft:cyan_wool":7,"minecraft:smooth_quartz":2,"minecraft:chest":1,"minecraft:stick":5,"minecraft:red_wool":8,"minecraft:torch":4,"orcz:orcagaric":4,"orcz:squigs_claws":2,"minecraft:spruce_sapling":2,"minecraft:spruce_log":87,"minecraft:cyan_bed":1,"minecraft:spider_eye":1,"minecraft:mossy_cobblestone":1,"minecraft:dark_prismarine":4,"minecraft:diamond":9,"minecraft:stone_axe":1,"minecraft:beetroot_seeds":6,"minecraft:yellow_terracotta":1,"orcz:ironscrap":12,"minecraft:oak_sapling":2,"minecraft:netherrack":2,"minecraft:coal":2,"minecraft:cobblestone":45},"minecraft:crafted":{"minecraft:crafting_table":2,"minecraft:spruce_planks":240,"minecraft:wooden_pickaxe":1,"minecraft:cyan_bed":1,"minecraft:stone_axe":1,"minecraft:diamond_helmet":1,"minecraft:stick":8,"minecraft:stone_pickaxe":1,"minecraft:chest":1,"minecraft:torch":4,"minecraft:diamond_chestplate":1}},"DataVersion":3120}