{"stats":{"minecraft:used":{"minecraft:wooden_axe":3,"minecraft:crafting_table":2,"alexsmobs:animal_dictionary":1,"minecraft:wooden_pickaxe":13,"minecraft:spruce_sapling":1},"minecraft:custom":{"minecraft:time_since_rest":15685,"minecraft:crouch_one_cm":1893,"minecraft:play_time":15685,"minecraft:sprint_one_cm":2920,"minecraft:damage_taken":76,"minecraft:walk_one_cm":29684,"minecraft:sneak_time":601,"minecraft:drop":4,"minecraft:jump":52,"minecraft:damage_dealt":-25,"minecraft:time_since_death":15685,"minecraft:total_world_time":15685,"minecraft:interact_with_crafting_table":2,"minecraft:fall_one_cm":1765,"minecraft:fly_one_cm":1974},"minecraft:mined":{"minecraft:grass_block":2,"minecraft:dirt":6,"minecraft:stone":13,"minecraft:spruce_log":9,"minecraft:crafting_table":2,"minecraft:oak_leaves":1,"minecraft:fern":2},"minecraft:picked_up":{"minecraft:crafting_table":2,"minecraft:stick":2,"minecraft:spruce_sapling":1,"minecraft:spruce_log":11,"minecraft:dirt":8,"minecraft:cobblestone":13},"minecraft:dropped":{"byg:biomepedia":1,"mca:book_romance":1,"alexsmobs:animal_dictionary":1,"patchouli:guide_book":1},"minecraft:crafted":{"minecraft:wooden_sword":1,"minecraft:stone_axe":1,"minecraft:crafting_table":1,"minecraft:stone_pickaxe":1,"minecraft:spruce_planks":44,"minecraft:stick":8,"minecraft:wooden_pickaxe":1,"minecraft:wooden_axe":1}},"DataVersion":3120}