{"stats":{"minecraft:custom":{"minecraft:interact_with_furnace":1,"minecraft:mob_kills":15,"minecraft:interact_with_crafting_table":4,"minecraft:open_barrel":37,"minecraft:interact_with_stonecutter":1,"minecraft:time_since_death":39685,"minecraft:sleep_in_bed":2,"minecraft:climb_one_cm":14019,"minecraft:time_since_rest":10285,"minecraft:waystone_activated":1,"minecraft:sprint_one_cm":76560,"minecraft:damage_taken":238,"minecraft:walk_one_cm":90600,"minecraft:drop":20,"minecraft:damage_dealt":2371,"minecraft:swim_one_cm":10984,"minecraft:fly_one_cm":43716,"minecraft:open_chest":14,"minecraft:crouch_one_cm":7509,"minecraft:play_time":39685,"tombstone:undead_killed":8,"minecraft:sneak_time":2523,"minecraft:walk_under_water_one_cm":2456,"minecraft:jump":306,"minecraft:walk_on_water_one_cm":4776,"minecraft:total_world_time":39685,"minecraft:fall_one_cm":5227,"minecraft:inspect_dispenser":1},"minecraft:used":{"minecraft:beetroot":7,"minecraft:wheat_seeds":23,"minecraft:water_bucket":1,"tombstone:scroll_of_knowledge":5,"minecraft:stone_pickaxe":10,"minecraft:spruce_planks":15,"minecraft:wooden_pickaxe":13,"minecraft:iron_sword":88,"minecraft:dirt":4,"minecraft:crafting_table":4,"supplementaries:bomb":3,"minecraft:wooden_axe":4,"minecraft:iron_pickaxe":4,"minecraft:stone_slab":1,"minecraft:spruce_sapling":1,"minecraft:stone_axe":3,"minecraft:wooden_sword":15,"minecraft:sweet_berries":28,"untamedwilds:flora_bush_temperate":1,"minecraft:bucket":1,"alexsmobs:animal_dictionary":1,"croptopia:strawberry":2,"minecraft:bone_meal":1},"minecraft:mined":{"minecraft:brown_mushroom":11,"minecraft:gray_concrete":3,"croptopia:strawberry_crop":1,"minecraft:crafting_table":3,"untamedwilds:flora_bush_temperate":1,"minecraft:grass_block":2,"minecraft:stone_slab":1,"minecraft:coal_block":8,"minecraft:spruce_leaves":11,"minecraft:spawner":2,"minecraft:large_fern":1,"botania:pink_mystical_flower":2,"byg:palm_log":2,"minecraft:wheat":7,"minecraft:sweet_berry_bush":13,"minecraft:spruce_log":9,"minecraft:dirt":7,"minecraft:stone":13,"minecraft:tripwire":2,"minecraft:oak_leaves":1,"farmersdelight:wild_potatoes":6,"minecraft:fern":3},"minecraft:killed":{"minecraft:magma_cube":3,"minecraft:skeleton":7,"minecraft:zombie":1,"alexsmobs:terrapin":1,"minecraft:chicken":2,"betteranimalsplus:tarantula":1},"minecraft:picked_up":{"minecraft:crafting_table":3,"minecraft:wheat":7,"minecraft:feather":2,"minecraft:chicken":2,"minecraft:brown_mushroom":9,"minecraft:stone_slab":1,"minecraft:potato":6,"minecraft:gray_concrete":3,"minecraft:dirt":9,"minecraft:bone":7,"botania:pink_mystical_flower":2,"minecraft:wheat_seeds":23,"minecraft:coal_block":8,"minecraft:stick":5,"minecraft:sweet_berries":29,"untamedwilds:flora_bush_temperate":1,"minecraft:spruce_sapling":1,"minecraft:spruce_log":11,"croptopia:strawberry":2,"minecraft:arrow":3,"minecraft:rotten_flesh":1,"croptopia:strawberry_seed":4,"minecraft:bone_meal":1,"byg:palm_log":2,"minecraft:cobblestone":13},"minecraft:dropped":{"byg:biomepedia":1,"minecraft:brown_mushroom":9,"supplementaries:bamboo_spikes":1,"alexsmobs:animal_dictionary":1,"minecraft:bowl":4,"alexsmobs:ancient_dart":2,"croptopia:strawberry_seed":4,"patchouli:guide_book":1,"minecraft:stick":1,"minecraft:emerald":7,"minecraft:dirt":4,"minecraft:gray_concrete":3,"mca:book_romance":1,"minecraft:spruce_planks":5,"minecraft:wooden_sword":1,"minecraft:bamboo":5,"botania:pink_mystical_flower":2,"byg:palm_planks":4},"minecraft:crafted":{"minecraft:wooden_sword":1,"minecraft:crafting_table":1,"minecraft:spruce_planks":88,"minecraft:wooden_pickaxe":1,"minecraft:iron_sword":1,"minecraft:bowl":4,"minecraft:stone_axe":1,"byg:palm_planks":4,"minecraft:shield":1,"minecraft:stick":12,"minecraft:iron_pickaxe":1,"minecraft:stone_pickaxe":1,"minecraft:wooden_axe":1}},"DataVersion":3120}