{"stats":{"minecraft:custom":{"minecraft:interact_with_furnace":1,"minecraft:mob_kills":26,"minecraft:interact_with_crafting_table":4,"minecraft:open_barrel":37,"minecraft:interact_with_stonecutter":1,"minecraft:leave_game":2,"minecraft:time_since_death":64159,"minecraft:sleep_in_bed":2,"minecraft:climb_one_cm":14107,"minecraft:time_since_rest":34759,"minecraft:waystone_activated":1,"minecraft:damage_absorbed":40,"minecraft:sprint_one_cm":182462,"minecraft:damage_taken":564,"minecraft:walk_one_cm":121058,"minecraft:drop":22,"minecraft:damage_dealt":4665,"minecraft:swim_one_cm":17479,"minecraft:fly_one_cm":265432,"minecraft:open_chest":24,"minecraft:crouch_one_cm":11205,"minecraft:play_time":64159,"tombstone:undead_killed":16,"minecraft:sneak_time":3578,"minecraft:walk_under_water_one_cm":4224,"minecraft:jump":941,"minecraft:walk_on_water_one_cm":6995,"minecraft:total_world_time":64159,"minecraft:fall_one_cm":16847,"minecraft:inspect_dispenser":1},"minecraft:used":{"minecraft:beetroot":7,"minecraft:wheat_seeds":23,"minecraft:water_bucket":4,"tombstone:scroll_of_knowledge":5,"minecraft:stone_pickaxe":10,"minecraft:baked_potato":1,"minecraft:spruce_planks":15,"minecraft:wooden_pickaxe":13,"minecraft:iron_sword":149,"minecraft:salmon":5,"minecraft:golden_apple":1,"minecraft:dirt":5,"minecraft:crafting_table":4,"supplementaries:bomb":3,"minecraft:wooden_axe":4,"minecraft:bread":3,"minecraft:iron_pickaxe":6,"minecraft:iron_helmet":1,"minecraft:stone_slab":1,"minecraft:spruce_sapling":1,"minecraft:stone_axe":3,"minecraft:wooden_sword":15,"minecraft:cobblestone":1,"minecraft:sweet_berries":34,"untamedwilds:flora_bush_temperate":1,"minecraft:bucket":4,"minecraft:skeleton_skull":1,"tombstone:gift":2,"minecraft:pumpkin_pie":3,"alexsmobs:animal_dictionary":1,"croptopia:strawberry":2,"minecraft:bone_meal":1},"minecraft:mined":{"minecraft:brown_mushroom":11,"minecraft:gray_concrete":3,"croptopia:strawberry_crop":1,"minecraft:crafting_table":3,"untamedwilds:flora_bush_temperate":1,"minecraft:grass_block":2,"minecraft:stone_slab":1,"minecraft:coal_block":8,"minecraft:spruce_leaves":11,"minecraft:spawner":4,"minecraft:large_fern":1,"botania:pink_mystical_flower":2,"byg:palm_log":2,"minecraft:wheat":7,"minecraft:sweet_berry_bush":13,"minecraft:spruce_log":9,"minecraft:dirt":7,"byg:blueberry_bush":1,"minecraft:stone":13,"botania:light_blue_double_flower":1,"minecraft:oak_leaves":1,"farmersdelight:wild_potatoes":6,"minecraft:tripwire":2,"minecraft:fern":3},"minecraft:killed":{"minecraft:magma_cube":3,"creeperoverhaul:snowy_creeper":1,"minecraft:skeleton":15,"minecraft:zombie":1,"alexsmobs:terrapin":1,"minecraft:chicken":2,"minecraft:cow":2,"betteranimalsplus:tarantula":1},"minecraft:picked_up":{"minecraft:crafting_table":3,"minecraft:wheat":7,"minecraft:feather":2,"minecraft:chicken":2,"minecraft:leather":1,"minecraft:brown_mushroom":9,"minecraft:stone_slab":1,"minecraft:potato":6,"minecraft:gray_concrete":3,"minecraft:dirt":9,"minecraft:bone":18,"minecraft:wheat_seeds":23,"botania:pink_mystical_flower":2,"byg:blueberries":2,"minecraft:coal_block":8,"minecraft:stick":5,"minecraft:sweet_berries":29,"untamedwilds:flora_bush_temperate":1,"minecraft:spruce_sapling":1,"minecraft:spruce_log":11,"croptopia:strawberry":2,"minecraft:arrow":16,"minecraft:rotten_flesh":1,"croptopia:strawberry_seed":4,"minecraft:bone_meal":1,"byg:palm_log":2,"minecraft:skeleton_skull":1,"minecraft:cobblestone":13},"minecraft:dropped":{"byg:biomepedia":1,"minecraft:brown_mushroom":9,"supplementaries:bamboo_spikes":1,"alexsmobs:animal_dictionary":1,"minecraft:bowl":4,"alexsmobs:ancient_dart":2,"croptopia:strawberry_seed":4,"patchouli:guide_book":1,"minecraft:stick":1,"minecraft:emerald":7,"minecraft:dirt":4,"minecraft:gray_concrete":3,"mca:book_romance":1,"minecraft:spruce_planks":5,"minecraft:skeleton_skull":1,"minecraft:leather_leggings":1,"minecraft:wooden_sword":1,"minecraft:bamboo":5,"botania:pink_mystical_flower":2,"byg:palm_planks":4},"minecraft:crafted":{"minecraft:wooden_sword":1,"minecraft:crafting_table":1,"minecraft:spruce_planks":88,"minecraft:wooden_pickaxe":1,"minecraft:iron_sword":1,"minecraft:bowl":4,"minecraft:stone_axe":1,"byg:palm_planks":4,"minecraft:shield":1,"minecraft:stick":12,"minecraft:iron_pickaxe":1,"minecraft:stone_pickaxe":1,"minecraft:wooden_axe":1}},"DataVersion":3120}