{"stats":{"minecraft:used":{"minecraft:stone_axe":2,"minecraft:dirt":3,"alexsmobs:animal_dictionary":1,"minecraft:wooden_pickaxe":10},"minecraft:custom":{"minecraft:time_since_rest":19076,"minecraft:crouch_one_cm":1078,"minecraft:play_time":38791,"minecraft:sprint_one_cm":15270,"minecraft:walk_one_cm":33174,"minecraft:damage_taken":325,"minecraft:deaths":1,"minecraft:sneak_time":772,"minecraft:drop":4,"minecraft:jump":156,"minecraft:damage_dealt":-90,"minecraft:time_since_death":19028,"minecraft:total_world_time":38791,"minecraft:interact_with_crafting_table":2,"minecraft:fly_one_cm":16821,"minecraft:fall_one_cm":4356},"minecraft:mined":{"minecraft:grass_block":3,"minecraft:stone":10,"minecraft:spruce_log":4,"minecraft:oak_leaves":1,"minecraft:fern":4},"minecraft:dropped":{"minecraft:wheat_seeds":1,"minecraft:wooden_pickaxe":1,"minecraft:spruce_sapling":1,"minecraft:stick":1},"minecraft:picked_up":{"minecraft:stick":5,"minecraft:wheat_seeds":1,"minecraft:spruce_sapling":1,"minecraft:spruce_log":3,"minecraft:dirt":3,"minecraft:cobblestone":10},"minecraft:crafted":{"minecraft:stone_axe":1,"minecraft:spruce_planks":8,"minecraft:stick":4,"minecraft:stone_pickaxe":1,"minecraft:wooden_pickaxe":1}},"DataVersion":3120}