{"stats":{"minecraft:custom":{"minecraft:jump":108,"minecraft:time_since_rest":7076,"minecraft:damage_dealt":-90,"minecraft:crouch_one_cm":911,"minecraft:deaths":1,"minecraft:sprint_one_cm":10717,"minecraft:play_time":26791,"minecraft:damage_taken":315,"minecraft:time_since_death":7028,"minecraft:walk_one_cm":26565,"minecraft:sneak_time":492,"minecraft:total_world_time":26791,"minecraft:fall_one_cm":3311,"minecraft:fly_one_cm":8424},"minecraft:mined":{"minecraft:oak_leaves":1,"minecraft:fern":2},"minecraft:picked_up":{"minecraft:stick":4,"minecraft:wheat_seeds":1}},"DataVersion":3120}