{"stats":{"minecraft:killed_by":{"cave_dweller:cave_dweller":2},"minecraft:used":{"minecraft:stone_pickaxe":84,"create:crimsite":2,"minecraft:wooden_pickaxe":10,"minecraft:shield":52,"betteranimalsplus:fried_egg":1,"minecraft:torch":3,"minecraft:glow_berries":5,"minecraft:dirt":3,"minecraft:crafting_table":3,"minecraft:smoker":2,"tombstone:bag_of_seeds":2,"minecraft:bread":1,"alexsmobs:cooked_lobster_tail":4,"minecraft:iron_pickaxe":158,"minecraft:stone_axe":111,"minecraft:cobblestone":19,"minecraft:sweet_berries":9,"minecraft:furnace":3,"minecraft:cobbled_deepslate":47,"croptopia:cooked_calamari":2,"minecraft:trapped_chest":1,"tombstone:gift":3,"alexsmobs:animal_dictionary":1},"minecraft:custom":{"minecraft:interact_with_furnace":22,"minecraft:mob_kills":38,"minecraft:interact_with_crafting_table":9,"minecraft:open_barrel":11,"goblintraders:trade_with_goblin":21,"minecraft:time_since_death":18948,"minecraft:climb_one_cm":1368,"minecraft:time_since_rest":18970,"minecraft:sprint_one_cm":93449,"minecraft:damage_taken":1521,"minecraft:walk_one_cm":177124,"minecraft:damage_blocked_by_shield":2715,"minecraft:trigger_trapped_chest":3,"minecraft:drop":33,"minecraft:damage_dealt":7219,"minecraft:swim_one_cm":4883,"minecraft:fly_one_cm":84385,"minecraft:crouch_one_cm":5387,"minecraft:deaths":3,"minecraft:play_time":80791,"tombstone:undead_killed":25,"minecraft:sneak_time":3364,"minecraft:walk_under_water_one_cm":5833,"minecraft:jump":928,"minecraft:walk_on_water_one_cm":14627,"minecraft:interact_with_smoker":8,"minecraft:total_world_time":80791,"minecraft:fall_one_cm":16324},"minecraft:broken":{"minecraft:stone_axe":1},"minecraft:mined":{"minecraft:deepslate_redstone_ore":9,"create:deepslate_zinc_ore":14,"minecraft:tuff":2,"minecraft:deepslate_diamond_ore":7,"minecraft:smoker":2,"minecraft:crafting_table":2,"minecraft:cave_vines_plant":2,"minecraft:grass_block":3,"minecraft:calcite":1,"create:ochrum":1,"minecraft:cobblestone":1,"minecraft:tall_grass":1,"minecraft:moss_block":1,"minecraft:wall_torch":1,"minecraft:spawner":1,"supplementaries:urn":12,"minecraft:trapped_chest":1,"minecraft:furnace":3,"evilcraft:dark_ore_deepslate":3,"minecraft:iron_ore":29,"minecraft:sweet_berry_bush":2,"minecraft:spruce_log":9,"minecraft:anvil":1,"minecraft:coal_ore":45,"minecraft:cave_vines":2,"minecraft:deepslate_iron_ore":21,"minecraft:gravel":1,"create:crimsite":2,"minecraft:stone":36,"minecraft:chipped_anvil":1,"minecraft:oak_leaves":1,"minecraft:deepslate":56,"minecraft:fern":4},"minecraft:killed":{"rottencreatures:undead_miner":1,"alexsmobs:lobster":7,"mca:male_zombie_villager":1,"minecraft:spider":2,"minecraft:skeleton":11,"minecraft:zombie":12,"creeperoverhaul:cave_creeper":2},"minecraft:dropped":{"croptopia:pineapple_seed":6,"minecraft:moss_block":1,"minecraft:wheat_seeds":3,"create:ochrum":1,"minecraft:raw_copper":2,"minecraft:glass_bottle":7,"justenoughdrugz:weed_seed":4,"minecraft:rotten_flesh":11,"minecraft:stick":1,"supplementaries:flax_seeds":1,"supplementaries:ash":26,"minecraft:gunpowder":2,"minecraft:melon_seeds":2,"botania:yellow_mushroom":1,"minecraft:bow":3,"minecraft:stone_pickaxe":2,"minecraft:wooden_pickaxe":1,"minecraft:trapped_chest":2,"create:raw_zinc":7,"minecraft:spruce_sapling":1},"minecraft:picked_up":{"croptopia:toast":1,"minecraft:crafting_table":2,"minecraft:iron_chestplate":1,"minecraft:feather":8,"minecraft:anvil":1,"minecraft:glow_ink_sac":2,"minecraft:golden_pickaxe":1,"croptopia:glowing_calamari":3,"minecraft:smoker":3,"create:raw_zinc":14,"supplementaries:flax_seeds":1,"minecraft:gunpowder":2,"minecraft:string":1,"minecraft:dirt":3,"minecraft:raw_copper":5,"botania:yellow_mushroom":1,"minecraft:bone":4,"minecraft:chipped_anvil":1,"minecraft:bow":3,"minecraft:wheat_seeds":1,"minecraft:cobbled_deepslate":70,"minecraft:stone_pickaxe":1,"tombstone:bag_of_seeds":1,"minecraft:calcite":9,"justenoughdrugz:weed_seed":5,"minecraft:iron_nugget":14,"minecraft:glass_bottle":7,"minecraft:moss_block":1,"duckling:duck_egg":1,"minecraft:furnace":3,"minecraft:raw_iron":50,"minecraft:stick":5,"minecraft:sweet_berries":6,"minecraft:torch":10,"sophisticatedbackpacks:backpack":1,"minecraft:spruce_sapling":1,"tombstone:grave_dust":2,"minecraft:spruce_log":9,"minecraft:trapped_chest":3,"create:crimsite":2,"minecraft:bundle":1,"minecraft:arrow":6,"minecraft:rotten_flesh":16,"tombstone:familiar_stone":1,"minecraft:diamond":7,"croptopia:pineapple_seed":3,"create:ochrum":1,"evilcraft:dark_gem":14,"minecraft:granite":1,"betteranimalsplus:fried_egg":1,"minecraft:emerald":3,"minecraft:melon_seeds":1,"supplementaries:ash":28,"tombstone:magic_scroll":1,"minecraft:glow_berries":4,"minecraft:coal":46,"alexsmobs:lobster_tail":4,"minecraft:cobblestone":35},"minecraft:crafted":{"minecraft:coal":2,"alexsmobs:cooked_lobster_tail":4,"minecraft:crafting_table":2,"minecraft:spruce_planks":36,"minecraft:baked_potato":4,"minecraft:wooden_pickaxe":1,"minecraft:iron_helmet":1,"minecraft:furnace":2,"minecraft:stone_axe":2,"minecraft:bread":2,"minecraft:air":0,"minecraft:iron_boots":1,"minecraft:iron_chestplate":1,"minecraft:shield":1,"minecraft:stick":8,"minecraft:iron_ingot":67,"minecraft:iron_pickaxe":1,"minecraft:stone_pickaxe":1,"croptopia:cooked_calamari":2,"minecraft:iron_leggings":1}},"DataVersion":3120}