{"stats":{"minecraft:killed_by":{"cave_dweller:cave_dweller":1},"minecraft:used":{"minecraft:stone_pickaxe":84,"minecraft:wooden_pickaxe":10,"minecraft:shield":6,"betteranimalsplus:fried_egg":1,"minecraft:glow_berries":5,"minecraft:dirt":3,"minecraft:crafting_table":2,"minecraft:smoker":1,"minecraft:bread":1,"minecraft:iron_pickaxe":32,"minecraft:stone_axe":42,"minecraft:cobblestone":15,"minecraft:sweet_berries":9,"minecraft:furnace":2,"alexsmobs:animal_dictionary":1},"minecraft:custom":{"minecraft:interact_with_furnace":20,"minecraft:mob_kills":14,"minecraft:interact_with_crafting_table":8,"minecraft:open_barrel":9,"minecraft:time_since_death":16221,"minecraft:climb_one_cm":1368,"minecraft:time_since_rest":16245,"minecraft:sprint_one_cm":41555,"minecraft:damage_taken":846,"minecraft:walk_one_cm":96798,"minecraft:damage_blocked_by_shield":200,"minecraft:trigger_trapped_chest":1,"minecraft:drop":12,"minecraft:damage_dealt":2162,"minecraft:fly_one_cm":39722,"minecraft:crouch_one_cm":2408,"minecraft:deaths":2,"minecraft:play_time":56791,"tombstone:undead_killed":9,"minecraft:sneak_time":1626,"minecraft:jump":420,"minecraft:walk_on_water_one_cm":1584,"minecraft:interact_with_smoker":4,"minecraft:total_world_time":56791,"minecraft:fall_one_cm":8756},"minecraft:mined":{"create:deepslate_zinc_ore":7,"minecraft:tuff":2,"minecraft:deepslate_diamond_ore":2,"minecraft:smoker":1,"minecraft:crafting_table":1,"minecraft:cave_vines_plant":2,"minecraft:grass_block":3,"minecraft:calcite":1,"create:ochrum":1,"minecraft:cobblestone":1,"minecraft:tall_grass":1,"minecraft:moss_block":1,"supplementaries:urn":4,"minecraft:furnace":2,"evilcraft:dark_ore_deepslate":1,"minecraft:iron_ore":21,"minecraft:sweet_berry_bush":2,"minecraft:spruce_log":9,"minecraft:coal_ore":7,"minecraft:cave_vines":2,"minecraft:deepslate_iron_ore":19,"minecraft:gravel":1,"minecraft:stone":27,"minecraft:chipped_anvil":1,"minecraft:oak_leaves":1,"minecraft:deepslate":25,"minecraft:fern":4},"minecraft:killed":{"alexsmobs:lobster":4,"mca:male_zombie_villager":1,"minecraft:spider":1,"minecraft:skeleton":2,"minecraft:zombie":6},"minecraft:dropped":{"minecraft:moss_block":1,"minecraft:wheat_seeds":1,"create:ochrum":1,"minecraft:raw_copper":2,"minecraft:rotten_flesh":1,"minecraft:stick":1,"supplementaries:ash":7,"botania:yellow_mushroom":1,"minecraft:stone_pickaxe":2,"minecraft:wooden_pickaxe":1,"minecraft:spruce_sapling":1},"minecraft:picked_up":{"croptopia:toast":1,"minecraft:crafting_table":1,"minecraft:iron_chestplate":1,"minecraft:feather":8,"minecraft:golden_pickaxe":1,"minecraft:smoker":2,"create:raw_zinc":7,"minecraft:gunpowder":2,"minecraft:dirt":3,"minecraft:raw_copper":5,"botania:yellow_mushroom":1,"minecraft:chipped_anvil":1,"minecraft:bow":1,"minecraft:wheat_seeds":1,"minecraft:cobbled_deepslate":40,"minecraft:stone_pickaxe":1,"minecraft:calcite":9,"justenoughdrugz:weed_seed":2,"minecraft:iron_nugget":14,"minecraft:glass_bottle":7,"minecraft:moss_block":1,"duckling:duck_egg":1,"minecraft:furnace":2,"minecraft:raw_iron":40,"minecraft:stick":5,"minecraft:sweet_berries":6,"minecraft:spruce_sapling":1,"tombstone:grave_dust":1,"minecraft:spruce_log":9,"minecraft:trapped_chest":1,"minecraft:bundle":1,"minecraft:rotten_flesh":1,"minecraft:diamond":2,"create:ochrum":1,"evilcraft:dark_gem":5,"minecraft:granite":1,"betteranimalsplus:fried_egg":1,"supplementaries:ash":9,"tombstone:magic_scroll":1,"minecraft:glow_berries":4,"minecraft:coal":8,"alexsmobs:lobster_tail":2,"minecraft:cobblestone":28},"minecraft:crafted":{"minecraft:crafting_table":2,"minecraft:spruce_planks":36,"minecraft:baked_potato":4,"minecraft:wooden_pickaxe":1,"minecraft:iron_helmet":1,"minecraft:furnace":2,"minecraft:stone_axe":1,"minecraft:bread":2,"minecraft:air":0,"minecraft:iron_boots":1,"minecraft:iron_chestplate":1,"minecraft:shield":1,"minecraft:stick":4,"minecraft:iron_ingot":29,"minecraft:iron_pickaxe":1,"minecraft:stone_pickaxe":1,"minecraft:iron_leggings":1}},"DataVersion":3120}