{"stats":{"minecraft:killed_by":{"cave_dweller:cave_dweller":1},"minecraft:used":{"minecraft:stone_pickaxe":83,"minecraft:wooden_pickaxe":10,"minecraft:shield":3,"minecraft:glow_berries":5,"minecraft:dirt":3,"minecraft:crafting_table":1,"minecraft:stone_axe":17,"minecraft:cobblestone":11,"minecraft:sweet_berries":9,"minecraft:furnace":2,"alexsmobs:animal_dictionary":1},"minecraft:custom":{"minecraft:interact_with_furnace":14,"minecraft:mob_kills":3,"minecraft:interact_with_crafting_table":6,"minecraft:time_since_death":10221,"minecraft:climb_one_cm":1368,"minecraft:time_since_rest":10245,"minecraft:sprint_one_cm":36603,"minecraft:damage_taken":700,"minecraft:walk_one_cm":72534,"minecraft:damage_blocked_by_shield":85,"minecraft:drop":8,"minecraft:damage_dealt":512,"minecraft:fly_one_cm":35332,"minecraft:crouch_one_cm":1896,"minecraft:deaths":2,"minecraft:play_time":50791,"tombstone:undead_killed":3,"minecraft:sneak_time":1429,"minecraft:jump":354,"minecraft:walk_on_water_one_cm":439,"minecraft:total_world_time":50791,"minecraft:fall_one_cm":8129},"minecraft:mined":{"minecraft:tuff":2,"minecraft:cave_vines_plant":2,"minecraft:grass_block":3,"create:ochrum":1,"minecraft:tall_grass":1,"minecraft:moss_block":1,"supplementaries:urn":1,"minecraft:iron_ore":21,"minecraft:sweet_berry_bush":2,"minecraft:spruce_log":9,"minecraft:coal_ore":7,"minecraft:cave_vines":2,"minecraft:deepslate_iron_ore":7,"minecraft:gravel":1,"minecraft:stone":27,"minecraft:oak_leaves":1,"minecraft:deepslate":23,"minecraft:fern":4},"minecraft:picked_up":{"minecraft:dirt":3,"minecraft:raw_copper":2,"botania:yellow_mushroom":1,"minecraft:bow":1,"minecraft:wheat_seeds":1,"minecraft:cobbled_deepslate":21,"minecraft:iron_nugget":14,"minecraft:moss_block":1,"duckling:duck_egg":1,"minecraft:raw_iron":28,"minecraft:stick":5,"minecraft:sweet_berries":6,"minecraft:spruce_sapling":1,"tombstone:grave_dust":1,"minecraft:spruce_log":9,"create:ochrum":1,"minecraft:granite":1,"tombstone:magic_scroll":1,"minecraft:glow_berries":4,"minecraft:coal":7,"minecraft:cobblestone":27},"minecraft:killed":{"mca:male_zombie_villager":1,"minecraft:skeleton":1,"minecraft:zombie":1},"minecraft:dropped":{"minecraft:moss_block":1,"minecraft:wheat_seeds":1,"create:ochrum":1,"minecraft:raw_copper":2,"minecraft:stick":1,"botania:yellow_mushroom":1,"minecraft:wooden_pickaxe":1,"minecraft:spruce_sapling":1},"minecraft:crafted":{"minecraft:crafting_table":1,"minecraft:spruce_planks":36,"minecraft:wooden_pickaxe":1,"minecraft:iron_helmet":1,"minecraft:furnace":2,"minecraft:stone_axe":1,"minecraft:air":0,"minecraft:iron_chestplate":1,"minecraft:shield":1,"minecraft:stick":4,"minecraft:iron_ingot":25,"minecraft:stone_pickaxe":1,"minecraft:iron_leggings":1}},"DataVersion":3120}