{"stats":{"minecraft:killed_by":{"cave_dweller:cave_dweller":2},"minecraft:used":{"minecraft:spruce_planks":11,"minecraft:shield":64,"betteranimalsplus:fried_egg":1,"minecraft:torch":4,"minecraft:dirt":6,"minecraft:iron_axe":47,"alexsmobs:cooked_lobster_tail":4,"minecraft:sweet_berries":9,"minecraft:furnace":3,"croptopia:cooked_calamari":2,"tombstone:gift":3,"minecraft:trapped_chest":1,"minecraft:potato":2,"minecraft:cobbled_deepslate":50,"minecraft:stone_pickaxe":84,"minecraft:baked_potato":14,"croptopia:apricot":1,"create:crimsite":2,"minecraft:wooden_pickaxe":10,"minecraft:glow_berries":5,"farmersdelight:onion":1,"minecraft:crafting_table":4,"minecraft:smoker":3,"tombstone:bag_of_seeds":2,"minecraft:bread":1,"minecraft:iron_pickaxe":233,"tombstone:magic_scroll":1,"minecraft:stone_axe":141,"croptopia:toast":1,"minecraft:potion":4,"minecraft:cobblestone":26,"alexsmobs:animal_dictionary":1},"minecraft:custom":{"minecraft:mob_kills":53,"minecraft:interact_with_crafting_table":17,"minecraft:open_barrel":11,"goblintraders:trade_with_goblin":21,"minecraft:time_since_death":60948,"minecraft:climb_one_cm":1998,"minecraft:sprint_one_cm":247299,"minecraft:walk_one_cm":275099,"minecraft:damage_blocked_by_shield":3570,"minecraft:drop":72,"minecraft:play_time":122791,"minecraft:deaths":3,"minecraft:sneak_time":3822,"minecraft:walk_under_water_one_cm":6603,"minecraft:jump":1655,"minecraft:walk_on_water_one_cm":16589,"minecraft:total_world_time":122791,"minecraft:interact_with_furnace":22,"minecraft:time_since_rest":60970,"minecraft:damage_taken":2075,"minecraft:trigger_trapped_chest":3,"minecraft:damage_dealt":9831,"minecraft:swim_one_cm":24273,"minecraft:fly_one_cm":273727,"minecraft:open_chest":45,"minecraft:crouch_one_cm":6567,"tombstone:undead_killed":35,"minecraft:interact_with_smoker":11,"minecraft:fall_one_cm":28951},"minecraft:broken":{"minecraft:stone_axe":1},"minecraft:mined":{"create:deepslate_zinc_ore":14,"minecraft:tuff":2,"minecraft:spruce_planks":24,"minecraft:deepslate_diamond_ore":7,"minecraft:brewing_stand":1,"minecraft:cave_vines_plant":2,"minecraft:grass_block":5,"create:ochrum":1,"minecraft:moss_block":1,"minecraft:spawner":1,"farmersdelight:wild_onions":2,"minecraft:furnace":3,"minecraft:iron_ore":29,"evilcraft:dark_ore":1,"minecraft:anvil":1,"minecraft:gold_block":1,"minecraft:bookshelf":1,"minecraft:cave_vines":2,"minecraft:deepslate_iron_ore":21,"minecraft:stone":84,"minecraft:deepslate_redstone_ore":9,"minecraft:smoker":3,"croptopia:sweetpotato_crop":1,"minecraft:crafting_table":3,"minecraft:calcite":1,"minecraft:copper_ore":1,"minecraft:tall_grass":2,"minecraft:cobblestone":3,"minecraft:diorite":1,"minecraft:wall_torch":1,"supplementaries:urn":12,"byg:soapstone":6,"minecraft:trapped_chest":1,"evilcraft:dark_ore_deepslate":3,"minecraft:sweet_berry_bush":2,"minecraft:spruce_log":9,"minecraft:coal_ore":46,"minecraft:dirt":19,"minecraft:gravel":1,"minecraft:chipped_anvil":1,"create:crimsite":2,"minecraft:oak_leaves":1,"minecraft:deepslate":56,"minecraft:fern":4},"minecraft:killed":{"alexsmobs:lobster":7,"mca:male_zombie_villager":1,"minecraft:spider":5,"minecraft:skeleton":18,"minecraft:chicken":1,"creeperoverhaul:cave_creeper":2,"rottencreatures:undead_miner":2,"minecraft:pig":2,"minecraft:zombie":14,"cave_dweller:cave_dweller":1},"minecraft:dropped":{"croptopia:pineapple_seed":6,"minecraft:moss_block":1,"minecraft:wheat_seeds":3,"minecraft:glow_ink_sac":2,"minecraft:golden_pickaxe":1,"minecraft:glass_bottle":9,"minecraft:golden_horse_armor":1,"minecraft:iron_helmet":1,"croptopia:sweetpotato":1,"minecraft:chainmail_helmet":1,"minecraft:stick":1,"minecraft:cobweb":18,"minecraft:dirt":19,"farmersdelight:golden_knife":1,"minecraft:diorite":1,"byg:soapstone":6,"croptopia:sweetpotato_seed":2,"minecraft:string":15,"minecraft:trapped_chest":2,"create:raw_zinc":7,"minecraft:spruce_sapling":1,"minecraft:dandelion":1,"minecraft:stone_axe":1,"create:ochrum":1,"minecraft:raw_copper":5,"justenoughdrugz:weed_seed":4,"minecraft:chicken":1,"minecraft:rotten_flesh":15,"minecraft:golden_shovel":1,"supplementaries:flax_seeds":1,"supplementaries:ash":26,"minecraft:shield":3,"minecraft:gunpowder":2,"minecraft:allium":5,"botania:lexicon":2,"minecraft:iron_chestplate":2,"minecraft:melon_seeds":2,"botania:yellow_mushroom":1,"farmersdelight:rope":8,"minecraft:arrow":2,"minecraft:bow":3,"minecraft:stone_pickaxe":2,"minecraft:wooden_pickaxe":1},"minecraft:picked_up":{"croptopia:toast":1,"minecraft:iron_chestplate":1,"minecraft:crafting_table":3,"minecraft:allium":5,"byg:soapstone":6,"minecraft:chicken":1,"minecraft:anvil":1,"minecraft:golden_pickaxe":1,"croptopia:sweetpotato_seed":2,"minecraft:gold_block":1,"minecraft:brewing_stand":1,"minecraft:shield":1,"minecraft:string":3,"minecraft:raw_copper":8,"minecraft:cobbled_deepslate":70,"minecraft:spruce_planks":24,"justenoughdrugz:weed_seed":5,"minecraft:calcite":9,"minecraft:iron_nugget":14,"minecraft:egg":1,"minecraft:furnace":3,"botania:lexicon":1,"minecraft:stick":5,"minecraft:raw_iron":50,"minecraft:torch":10,"sophisticatedbackpacks:backpack":1,"minecraft:porkchop":4,"tombstone:grave_dust":3,"minecraft:diorite":1,"minecraft:arrow":13,"minecraft:rotten_flesh":20,"farmersdelight:onion":1,"create:ochrum":1,"farmersdelight:rope":8,"supplementaries:ash":28,"minecraft:glow_berries":4,"minecraft:iron_bars":2,"alexsmobs:lobster_tail":4,"minecraft:cobblestone":85,"minecraft:feather":9,"minecraft:glow_ink_sac":2,"minecraft:smoker":4,"croptopia:glowing_calamari":3,"create:raw_zinc":14,"supplementaries:flax_seeds":1,"minecraft:gunpowder":2,"minecraft:dirt":25,"botania:yellow_mushroom":1,"minecraft:bone":7,"minecraft:chipped_anvil":1,"croptopia:sweetpotato":1,"minecraft:bow":3,"minecraft:wheat_seeds":1,"minecraft:raw_gold":1,"minecraft:stone_pickaxe":1,"tombstone:bag_of_seeds":1,"minecraft:glass_bottle":8,"minecraft:moss_block":1,"duckling:duck_egg":1,"croptopia:apricot":1,"minecraft:sweet_berries":6,"minecraft:dandelion":1,"minecraft:spruce_sapling":1,"minecraft:spruce_log":9,"minecraft:trapped_chest":3,"minecraft:spider_eye":1,"minecraft:leather_helmet":1,"minecraft:bundle":1,"create:crimsite":2,"tombstone:familiar_stone":1,"minecraft:diamond":7,"evilcraft:dark_gem":18,"croptopia:pineapple_seed":3,"minecraft:granite":1,"betteranimalsplus:fried_egg":1,"minecraft:chainmail_helmet":1,"minecraft:emerald":3,"tombstone:magic_scroll":1,"minecraft:melon_seeds":1,"minecraft:coal":48},"minecraft:crafted":{"minecraft:coal":2,"minecraft:furnace":2,"minecraft:iron_boots":1,"minecraft:iron_axe":1,"minecraft:stone_pickaxe":1,"croptopia:cooked_calamari":2,"sophisticatedbackpacks:iron_backpack":1,"alexsmobs:cooked_lobster_tail":4,"minecraft:crafting_table":2,"minecraft:spruce_planks":36,"minecraft:iron_helmet":1,"minecraft:wooden_pickaxe":1,"minecraft:baked_potato":17,"sophisticatedbackpacks:gold_backpack":1,"minecraft:stone_axe":2,"minecraft:bread":2,"minecraft:air":0,"minecraft:iron_chestplate":1,"minecraft:shield":3,"minecraft:stick":8,"minecraft:iron_ingot":67,"minecraft:iron_pickaxe":1,"minecraft:gold_ingot":9,"minecraft:iron_leggings":1}},"DataVersion":3120}