{"stats":{"minecraft:mined":{"minecraft:grass_block":1,"byg:crocus":1},"minecraft:picked_up":{"byg:crocus":1,"minecraft:dirt":1},"minecraft:used":{"byg:crocus":1,"minecraft:dirt":1},"minecraft:custom":{"minecraft:jump":55,"minecraft:time_since_rest":6909,"minecraft:leave_game":1,"minecraft:crouch_one_cm":1995,"minecraft:damage_taken":10,"minecraft:sprint_one_cm":2034,"minecraft:play_time":6909,"minecraft:walk_on_water_one_cm":1096,"minecraft:time_since_death":6909,"minecraft:walk_one_cm":8282,"minecraft:sneak_time":342,"minecraft:total_world_time":6909,"minecraft:walk_under_water_one_cm":3466,"minecraft:swim_one_cm":1755,"minecraft:fall_one_cm":418,"minecraft:fly_one_cm":6594}},"DataVersion":3120}