{"stats":{"minecraft:picked_up":{"croptopia:calamari":1,"betteranimalsplus:calamari_raw":2,"minecraft:ink_sac":1},"minecraft:custom":{"minecraft:jump":125,"minecraft:time_since_rest":33534,"minecraft:damage_taken":50,"minecraft:leave_game":12,"minecraft:play_time":38645,"minecraft:sprint_one_cm":16000,"minecraft:time_since_death":38645,"minecraft:walk_on_water_one_cm":698,"minecraft:walk_one_cm":27400,"minecraft:sleep_in_bed":1,"minecraft:total_world_time":38645,"minecraft:walk_under_water_one_cm":611,"minecraft:swim_one_cm":1774,"minecraft:fall_one_cm":807,"minecraft:fly_one_cm":20030}},"DataVersion":3120}