{"stats":{"minecraft:killed_by":{"minecraft:skeleton":1},"minecraft:used":{"betteranimalsplus:calamari_cooked":3,"duckling:cooked_duck":4,"minecraft:iron_sword":31,"minecraft:cooked_chicken":1,"minecraft:torch":10,"simplyhotsprings:hot_spring_water_bucket":1,"betteranimalsplus:turkey_leg_cooked":1,"minecraft:wooden_axe":24,"minecraft:furnace":4,"minecraft:cooked_mutton":1,"croptopia:radish":2,"minecraft:stone_pickaxe":118,"minecraft:oak_planks":11,"minecraft:wooden_pickaxe":34,"minecraft:crafting_table":5,"minecraft:spruce_log":1,"duckling:raw_duck":1,"minecraft:iron_pickaxe":15,"minecraft:spruce_sapling":2,"minecraft:stone_axe":3,"croptopia:toast":2,"minecraft:wooden_sword":56,"minecraft:bucket":1},"minecraft:custom":{"minecraft:interact_with_smithing_table":1,"minecraft:mob_kills":21,"minecraft:interact_with_crafting_table":7,"minecraft:open_barrel":14,"minecraft:leave_game":12,"minecraft:time_since_death":54179,"minecraft:sprint_one_cm":273825,"minecraft:walk_one_cm":297517,"minecraft:drop":46,"minecraft:play_time":118826,"minecraft:deaths":1,"minecraft:sneak_time":1338,"minecraft:walk_under_water_one_cm":4519,"minecraft:jump":1185,"minecraft:walk_on_water_one_cm":11608,"minecraft:total_world_time":118826,"minecraft:interact_with_furnace":36,"minecraft:sleep_in_bed":1,"minecraft:time_since_rest":54201,"minecraft:damage_taken":671,"minecraft:trigger_trapped_chest":4,"minecraft:damage_dealt":3449,"minecraft:fly_one_cm":221988,"minecraft:swim_one_cm":7218,"minecraft:open_chest":25,"minecraft:crouch_one_cm":2611,"tombstone:undead_killed":9,"minecraft:fall_one_cm":21553},"minecraft:broken":{"minecraft:wooden_sword":1},"minecraft:mined":{"create:zinc_ore":1,"orcz:orcamanita":1,"minecraft:grass_block":2,"farmersdelight:wild_cabbages":7,"minecraft:spruce_leaves":2,"minecraft:furnace":4,"minecraft:iron_ore":39,"evilcraft:dark_ore":3,"minecraft:iron_bars":6,"minecraft:stone":26,"create:veridium":2,"minecraft:crafting_table":4,"minecraft:torch":1,"untamedwilds:flora_common_reed":3,"minecraft:tall_grass":1,"minecraft:wall_torch":2,"supplementaries:urn":3,"untamedwilds:block_burrow":4,"byg:soapstone":1,"farmersdelight:sandy_shrub":1,"minecraft:spruce_log":2,"minecraft:jukebox":1,"croptopia:apricot_crop":4,"minecraft:coal_ore":82,"minecraft:oak_log":24,"croptopia:radish_crop":2,"minecraft:dirt":3,"minecraft:sand":1,"minecraft:cobweb":3,"minecraft:oak_leaves":21},"minecraft:killed":{"betteranimalsplus:turkey":1,"minecraft:spider":2,"artifacts:mimic":1,"rottencreatures:undead_miner":4,"duckling:duck":5,"minecraft:squid":1,"minecraft:zombie":5,"minecraft:cow":2},"minecraft:dropped":{"byg:biomepedia":1,"minecraft:iron_ingot":3,"minecraft:bread":8,"untamedwilds:flora_common_reed":11,"minecraft:iron_sword":1,"minecraft:baked_potato":1,"untamedwilds:material_fat":2,"minecraft:feather":9,"minecraft:cobblestone":14,"minecraft:leather":6,"artifacts:flippers":1,"minecraft:stick":1,"minecraft:dirt":4,"minecraft:ink_sac":4,"byg:soapstone":1,"minecraft:wooden_axe":2,"tombstone:grave_dust":1,"minecraft:sand":1,"minecraft:chainmail_leggings":1,"minecraft:string":2,"duckling:duck_egg":4,"croptopia:toast":1,"alexsmobs:animal_dictionary":1,"croptopia:raspberry_seed":2,"minecraft:iron_boots":1,"minecraft:name_tag":2,"croptopia:radish_seed":3,"minecraft:chainmail_chestplate":1,"create:veridium":2,"minecraft:beetroot_seeds":2,"minecraft:chainmail_boots":1,"minecraft:spider_eye":3,"minecraft:spruce_log":1,"minecraft:stone_pickaxe":1,"minecraft:wooden_pickaxe":1},"minecraft:picked_up":{"croptopia:toast":4,"byg:soapstone":1,"minecraft:crafting_table":4,"betteranimalsplus:calamari_raw":3,"croptopia:calamari":2,"minecraft:string":2,"farmersdelight:cabbage":3,"minecraft:beef":5,"justenoughdrugz:weed_seed":1,"duckling:raw_duck":5,"farmersdelight:cabbage_seeds":7,"minecraft:iron_boots":1,"minecraft:furnace":4,"minecraft:stick":2,"minecraft:raw_iron":40,"minecraft:jukebox":1,"untamedwilds:flora_common_reed":11,"minecraft:torch":11,"tombstone:grave_dust":4,"byg:biomepedia":1,"minecraft:beetroot_seeds":2,"croptopia:raspberry_seed":2,"create:veridium":2,"supplementaries:ash":8,"minecraft:cobblestone":25,"minecraft:feather":9,"croptopia:radish":2,"minecraft:leather":6,"minecraft:oak_log":24,"minecraft:chainmail_chestplate":1,"minecraft:dirt":6,"artifacts:flippers":1,"minecraft:name_tag":2,"minecraft:bone":6,"untamedwilds:material_fat":2,"minecraft:iron_ingot":3,"minecraft:stone_pickaxe":1,"minecraft:iron_sword":1,"duckling:duck_egg":4,"croptopia:apricot":8,"minecraft:sand":1,"minecraft:spruce_sapling":2,"minecraft:ink_sac":4,"minecraft:spruce_log":2,"betteranimalsplus:turkey_leg_raw":1,"alexsmobs:animal_dictionary":1,"minecraft:spider_eye":3,"minecraft:diamond":2,"minecraft:chainmail_leggings":1,"croptopia:radish_seed":3,"evilcraft:dark_gem":13,"minecraft:bread":16,"minecraft:oak_sapling":4,"minecraft:coal":142},"minecraft:crafted":{"minecraft:wooden_sword":1,"minecraft:oak_planks":44,"minecraft:furnace":1,"croptopia:toast":13,"betteranimalsplus:turkey_leg_cooked":1,"minecraft:stone_pickaxe":1,"betteranimalsplus:calamari_cooked":3,"minecraft:cooked_beef":5,"minecraft:crafting_table":1,"minecraft:wooden_pickaxe":1,"minecraft:iron_sword":1,"duckling:cooked_duck":4,"minecraft:bucket":1,"minecraft:air":0,"minecraft:stick":8,"minecraft:iron_ingot":24,"minecraft:wooden_axe":1,"minecraft:torch":4}},"DataVersion":3120}