{"stats":{"minecraft:killed_by":{"minecraft:skeleton":1},"minecraft:used":{"minecraft:stone_sword":11,"betteranimalsplus:calamari_cooked":3,"duckling:cooked_duck":4,"minecraft:shield":14,"minecraft:iron_sword":95,"minecraft:rotten_flesh":2,"minecraft:cooked_chicken":3,"minecraft:torch":19,"simplyhotsprings:hot_spring_water_bucket":1,"betteranimalsplus:turkey_leg_cooked":1,"minecraft:wooden_axe":24,"minecraft:furnace":4,"minecraft:cooked_mutton":1,"croptopia:radish":2,"minecraft:stone_pickaxe":120,"minecraft:oak_planks":11,"minecraft:wooden_pickaxe":34,"farmersdelight:onion":2,"minecraft:crafting_table":9,"minecraft:spruce_log":1,"minecraft:apple":8,"duckling:raw_duck":1,"minecraft:iron_pickaxe":63,"minecraft:spruce_sapling":2,"minecraft:stone_axe":5,"croptopia:toast":8,"minecraft:wooden_sword":56,"minecraft:cobblestone":1,"minecraft:bucket":1,"minecraft:cobweb":19},"minecraft:custom":{"minecraft:interact_with_smithing_table":1,"minecraft:mob_kills":35,"minecraft:interact_with_crafting_table":14,"minecraft:open_barrel":14,"minecraft:leave_game":13,"minecraft:time_since_death":94503,"minecraft:sprint_one_cm":432206,"minecraft:walk_one_cm":408772,"minecraft:damage_blocked_by_shield":1260,"minecraft:drop":86,"minecraft:play_time":159150,"minecraft:deaths":1,"minecraft:sneak_time":1614,"minecraft:walk_under_water_one_cm":5598,"minecraft:jump":2028,"minecraft:walk_on_water_one_cm":14429,"minecraft:total_world_time":159150,"minecraft:interact_with_furnace":39,"minecraft:sleep_in_bed":1,"minecraft:time_since_rest":94525,"minecraft:damage_taken":1269,"minecraft:trigger_trapped_chest":4,"minecraft:damage_dealt":5941,"minecraft:swim_one_cm":29219,"minecraft:fly_one_cm":475984,"minecraft:open_chest":50,"minecraft:crouch_one_cm":3779,"tombstone:undead_killed":15,"minecraft:fall_one_cm":45088},"minecraft:broken":{"minecraft:wooden_sword":1},"minecraft:mined":{"create:zinc_ore":1,"orcz:orcamanita":2,"minecraft:potted_cactus":2,"minecraft:grass_block":2,"farmersdelight:wild_cabbages":7,"minecraft:spruce_leaves":2,"minecraft:furnace":4,"justenoughdrugz:oil_ore":15,"minecraft:iron_ore":46,"evilcraft:dark_ore":3,"minecraft:iron_bars":8,"minecraft:stone":43,"create:veridium":2,"minecraft:crafting_table":7,"minecraft:torch":2,"untamedwilds:flora_common_reed":3,"minecraft:tall_grass":1,"minecraft:wall_torch":3,"supplementaries:urn":4,"untamedwilds:block_burrow":4,"byg:soapstone":1,"farmersdelight:sandy_shrub":1,"minecraft:spruce_log":2,"minecraft:jukebox":1,"croptopia:apricot_crop":4,"minecraft:grass":1,"minecraft:oak_log":24,"minecraft:coal_ore":87,"croptopia:radish_crop":2,"minecraft:sand":2,"minecraft:dirt":6,"minecraft:cobweb":22,"minecraft:oak_leaves":21},"minecraft:killed":{"betteranimalsplus:turkey":1,"minecraft:spider":2,"minecraft:skeleton":2,"artifacts:mimic":1,"rottencreatures:undead_miner":4,"duckling:duck":5,"minecraft:squid":1,"minecraft:zombie":9,"minecraft:cow":7},"minecraft:dropped":{"byg:biomepedia":1,"minecraft:iron_ingot":3,"minecraft:bread":8,"untamedwilds:flora_common_reed":11,"minecraft:iron_sword":1,"minecraft:cooked_beef":6,"minecraft:baked_potato":1,"untamedwilds:material_fat":2,"minecraft:golden_horse_armor":1,"minecraft:feather":9,"minecraft:cobblestone":32,"minecraft:leather":6,"evilcraft:dark_gem":13,"minecraft:saddle":1,"artifacts:flippers":1,"minecraft:chainmail_helmet":3,"minecraft:coal":78,"minecraft:emerald":12,"croptopia:apricot":8,"minecraft:stick":1,"minecraft:cobweb":2,"minecraft:dirt":4,"farmersdelight:golden_knife":1,"minecraft:ink_sac":4,"byg:soapstone":2,"minecraft:wooden_axe":2,"tombstone:grave_dust":1,"farmersdelight:onion":1,"minecraft:sand":1,"minecraft:iron_pickaxe":2,"minecraft:chainmail_leggings":1,"minecraft:string":2,"croptopia:calamari":3,"duckling:duck_egg":4,"minecraft:bone":15,"minecraft:stone_axe":1,"croptopia:toast":1,"alexsmobs:animal_dictionary":1,"farmersdelight:cabbage":3,"croptopia:raspberry_seed":2,"minecraft:iron_boots":1,"minecraft:name_tag":2,"croptopia:radish_seed":3,"minecraft:chainmail_chestplate":2,"supplementaries:ash":13,"minecraft:shield":1,"create:veridium":2,"minecraft:beetroot_seeds":2,"minecraft:oak_sapling":6,"minecraft:chainmail_boots":1,"farmersdelight:rope":16,"minecraft:spider_eye":3,"minecraft:spruce_log":1,"minecraft:arrow":1,"minecraft:wooden_pickaxe":1,"minecraft:stone_pickaxe":2},"minecraft:picked_up":{"croptopia:toast":4,"minecraft:crafting_table":7,"betteranimalsplus:calamari_raw":3,"byg:soapstone":2,"minecraft:flower_pot":2,"croptopia:calamari":3,"minecraft:shield":2,"minecraft:string":36,"farmersdelight:cabbage":3,"minecraft:beef":5,"justenoughdrugz:weed_seed":2,"minecraft:iron_pickaxe":2,"farmersdelight:golden_knife":1,"duckling:raw_duck":5,"farmersdelight:cabbage_seeds":7,"minecraft:iron_boots":1,"minecraft:furnace":4,"minecraft:stick":2,"minecraft:raw_iron":47,"minecraft:jukebox":1,"untamedwilds:flora_common_reed":11,"minecraft:torch":13,"tombstone:grave_dust":4,"byg:biomepedia":1,"minecraft:cactus":2,"minecraft:arrow":3,"minecraft:rotten_flesh":5,"minecraft:beetroot_seeds":2,"croptopia:raspberry_seed":2,"farmersdelight:rope":16,"create:veridium":2,"minecraft:saddle":1,"supplementaries:ash":13,"minecraft:cobblestone":60,"minecraft:cooked_beef":6,"minecraft:feather":9,"croptopia:radish":2,"minecraft:glow_ink_sac":2,"minecraft:leather":10,"minecraft:oak_log":24,"minecraft:chainmail_chestplate":1,"minecraft:dirt":8,"artifacts:flippers":1,"minecraft:name_tag":2,"minecraft:bone":27,"untamedwilds:material_fat":2,"minecraft:iron_ingot":3,"minecraft:stone_pickaxe":1,"minecraft:cobweb":22,"minecraft:iron_sword":1,"duckling:duck_egg":4,"croptopia:apricot":8,"justenoughdrugz:unrefined_oil":15,"minecraft:sand":1,"minecraft:spruce_sapling":2,"minecraft:ink_sac":4,"minecraft:spruce_log":2,"betteranimalsplus:turkey_leg_raw":1,"alexsmobs:animal_dictionary":1,"minecraft:spider_eye":3,"minecraft:stone_axe":1,"minecraft:diamond":2,"minecraft:iron_helmet":1,"minecraft:chainmail_leggings":1,"croptopia:radish_seed":3,"evilcraft:dark_gem":13,"minecraft:emerald":12,"minecraft:chainmail_helmet":2,"minecraft:golden_horse_armor":1,"minecraft:bread":16,"minecraft:oak_sapling":4,"minecraft:coal":169,"minecraft:iron_chestplate":2},"minecraft:crafted":{"minecraft:wooden_sword":1,"minecraft:oak_planks":44,"minecraft:furnace":1,"croptopia:toast":13,"betteranimalsplus:turkey_leg_cooked":1,"minecraft:stone_pickaxe":1,"minecraft:chest":1,"betteranimalsplus:calamari_cooked":3,"sophisticatedbackpacks:iron_backpack":1,"minecraft:cooked_beef":5,"sophisticatedbackpacks:backpack":1,"minecraft:crafting_table":3,"minecraft:wooden_pickaxe":1,"minecraft:iron_sword":1,"duckling:cooked_duck":4,"minecraft:bucket":1,"minecraft:air":0,"minecraft:stick":8,"minecraft:iron_ingot":40,"minecraft:wooden_axe":1,"minecraft:torch":4}},"DataVersion":3120}