{"stats":{"minecraft:custom":{"minecraft:jump":70,"minecraft:time_since_rest":18929,"minecraft:damage_taken":50,"minecraft:leave_game":4,"minecraft:play_time":24040,"minecraft:sprint_one_cm":9465,"minecraft:time_since_death":24040,"minecraft:walk_on_water_one_cm":560,"minecraft:walk_one_cm":21323,"minecraft:sleep_in_bed":1,"minecraft:total_world_time":24040,"minecraft:walk_under_water_one_cm":611,"minecraft:swim_one_cm":1774,"minecraft:fall_one_cm":807,"minecraft:fly_one_cm":10590}},"DataVersion":3120}