{"stats":{"minecraft:custom":{"minecraft:jump":60,"minecraft:time_since_rest":17452,"minecraft:damage_taken":50,"minecraft:leave_game":3,"minecraft:play_time":22563,"minecraft:sprint_one_cm":8676,"minecraft:time_since_death":22563,"minecraft:walk_on_water_one_cm":560,"minecraft:walk_one_cm":19871,"minecraft:sleep_in_bed":1,"minecraft:total_world_time":22563,"minecraft:walk_under_water_one_cm":611,"minecraft:swim_one_cm":1774,"minecraft:fall_one_cm":807,"minecraft:fly_one_cm":8124}},"DataVersion":3120}