{"stats":{"minecraft:custom":{"minecraft:jump":84,"minecraft:time_since_rest":19579,"minecraft:damage_taken":50,"minecraft:leave_game":5,"minecraft:play_time":24690,"minecraft:sprint_one_cm":10852,"minecraft:time_since_death":24690,"minecraft:walk_on_water_one_cm":560,"minecraft:walk_one_cm":21739,"minecraft:sleep_in_bed":1,"minecraft:total_world_time":24690,"minecraft:walk_under_water_one_cm":611,"minecraft:swim_one_cm":1774,"minecraft:fall_one_cm":807,"minecraft:fly_one_cm":13166}},"DataVersion":3120}