{"stats":{"minecraft:custom":{"minecraft:jump":47,"minecraft:time_since_rest":6819,"minecraft:walk_on_water_one_cm":144,"minecraft:leave_game":1,"minecraft:play_time":11930,"minecraft:sprint_one_cm":7928,"minecraft:damage_taken":50,"minecraft:time_since_death":11930,"minecraft:walk_one_cm":16495,"minecraft:sleep_in_bed":1,"minecraft:total_world_time":11930,"minecraft:walk_under_water_one_cm":467,"minecraft:swim_one_cm":1024,"minecraft:fall_one_cm":807,"minecraft:fly_one_cm":4756}},"DataVersion":3120}