{"stats":{"minecraft:used":{"minecraft:spruce_log":1,"minecraft:spruce_sapling":1},"minecraft:custom":{"minecraft:time_since_rest":47715,"minecraft:sprint_one_cm":23032,"minecraft:play_time":52826,"minecraft:damage_taken":190,"minecraft:walk_one_cm":48026,"minecraft:sneak_time":34,"minecraft:walk_under_water_one_cm":611,"minecraft:jump":197,"minecraft:damage_dealt":10,"minecraft:leave_game":12,"minecraft:walk_on_water_one_cm":698,"minecraft:time_since_death":52826,"minecraft:sleep_in_bed":1,"minecraft:total_world_time":52826,"minecraft:swim_one_cm":1774,"minecraft:fall_one_cm":1703,"minecraft:fly_one_cm":26333},"minecraft:mined":{"minecraft:oak_log":9,"minecraft:spruce_log":1,"minecraft:spruce_leaves":2,"minecraft:oak_leaves":6},"minecraft:picked_up":{"betteranimalsplus:calamari_raw":2,"croptopia:raspberry_seed":2,"croptopia:calamari":1,"minecraft:oak_log":9,"minecraft:spruce_sapling":1,"minecraft:ink_sac":1,"minecraft:spruce_log":1},"minecraft:crafted":{"minecraft:oak_planks":36}},"DataVersion":3120}