{"stats":{"minecraft:killed_by":{"minecraft:skeleton":1},"minecraft:used":{"betteranimalsplus:calamari_cooked":3,"minecraft:stone_pickaxe":36,"duckling:cooked_duck":4,"minecraft:wooden_pickaxe":34,"minecraft:torch":2,"minecraft:crafting_table":4,"minecraft:spruce_log":1,"minecraft:wooden_axe":23,"duckling:raw_duck":1,"minecraft:spruce_sapling":2,"minecraft:wooden_sword":33,"minecraft:furnace":1},"minecraft:custom":{"minecraft:interact_with_furnace":6,"minecraft:mob_kills":12,"minecraft:interact_with_crafting_table":4,"minecraft:leave_game":12,"minecraft:time_since_death":24179,"minecraft:sleep_in_bed":1,"minecraft:time_since_rest":24201,"minecraft:sprint_one_cm":169423,"minecraft:damage_taken":448,"minecraft:walk_one_cm":204293,"minecraft:drop":14,"minecraft:damage_dealt":1071,"minecraft:swim_one_cm":7218,"minecraft:fly_one_cm":161220,"minecraft:open_chest":2,"minecraft:crouch_one_cm":467,"minecraft:play_time":88826,"tombstone:undead_killed":3,"minecraft:deaths":1,"minecraft:sneak_time":455,"minecraft:walk_under_water_one_cm":4025,"minecraft:jump":846,"minecraft:walk_on_water_one_cm":8810,"minecraft:total_world_time":88826,"minecraft:fall_one_cm":15993},"minecraft:mined":{"orcz:orcamanita":1,"minecraft:crafting_table":4,"minecraft:torch":1,"untamedwilds:flora_common_reed":3,"farmersdelight:wild_cabbages":7,"minecraft:spruce_leaves":2,"minecraft:wall_torch":1,"untamedwilds:block_burrow":4,"farmersdelight:sandy_shrub":1,"minecraft:furnace":1,"minecraft:iron_ore":2,"minecraft:spruce_log":2,"evilcraft:dark_ore":3,"croptopia:apricot_crop":4,"minecraft:oak_log":24,"minecraft:coal_ore":39,"croptopia:radish_crop":2,"minecraft:sand":1,"minecraft:dirt":2,"minecraft:stone":22,"create:veridium":2,"minecraft:oak_leaves":21},"minecraft:killed":{"betteranimalsplus:turkey":1,"duckling:duck":5,"minecraft:squid":1,"minecraft:zombie":3,"minecraft:cow":2},"minecraft:picked_up":{"minecraft:crafting_table":4,"betteranimalsplus:calamari_raw":3,"minecraft:feather":9,"croptopia:radish":2,"minecraft:leather":6,"croptopia:calamari":2,"minecraft:oak_log":24,"minecraft:dirt":2,"untamedwilds:material_fat":2,"farmersdelight:cabbage":3,"minecraft:beef":5,"justenoughdrugz:weed_seed":1,"farmersdelight:cabbage_seeds":7,"duckling:duck_egg":4,"duckling:raw_duck":5,"minecraft:furnace":1,"minecraft:raw_iron":2,"minecraft:stick":2,"croptopia:apricot":8,"untamedwilds:flora_common_reed":11,"minecraft:torch":2,"minecraft:sand":1,"minecraft:spruce_sapling":2,"minecraft:ink_sac":4,"tombstone:grave_dust":1,"minecraft:spruce_log":2,"betteranimalsplus:turkey_leg_raw":1,"minecraft:spider_eye":2,"alexsmobs:animal_dictionary":1,"byg:biomepedia":1,"minecraft:beetroot_seeds":1,"croptopia:raspberry_seed":2,"croptopia:radish_seed":3,"evilcraft:dark_gem":13,"create:veridium":2,"minecraft:oak_sapling":4,"minecraft:coal":51,"minecraft:cobblestone":22},"minecraft:dropped":{"byg:biomepedia":1,"alexsmobs:animal_dictionary":1,"untamedwilds:material_fat":2,"minecraft:leather":6,"minecraft:dirt":2,"create:veridium":2,"minecraft:spider_eye":2,"minecraft:spruce_log":1,"minecraft:sand":1,"minecraft:wooden_pickaxe":1,"duckling:duck_egg":4},"minecraft:crafted":{"minecraft:cooked_beef":5,"minecraft:wooden_sword":1,"minecraft:oak_planks":36,"minecraft:crafting_table":1,"minecraft:wooden_pickaxe":1,"minecraft:furnace":1,"duckling:cooked_duck":4,"minecraft:air":0,"betteranimalsplus:turkey_leg_cooked":1,"minecraft:stick":8,"minecraft:stone_pickaxe":1,"minecraft:wooden_axe":1,"betteranimalsplus:calamari_cooked":3,"minecraft:torch":4}},"DataVersion":3120}