{"stats":{"minecraft:custom":{"minecraft:jump":89,"minecraft:time_since_rest":21933,"minecraft:damage_taken":50,"minecraft:leave_game":6,"minecraft:play_time":27044,"minecraft:sprint_one_cm":11075,"minecraft:time_since_death":27044,"minecraft:walk_on_water_one_cm":560,"minecraft:walk_one_cm":21903,"minecraft:sleep_in_bed":1,"minecraft:total_world_time":27044,"minecraft:walk_under_water_one_cm":611,"minecraft:swim_one_cm":1774,"minecraft:fall_one_cm":807,"minecraft:fly_one_cm":13957}},"DataVersion":3120}