{"stats":{"minecraft:custom":{"minecraft:jump":130,"minecraft:time_since_rest":35715,"minecraft:damage_dealt":10,"minecraft:damage_taken":50,"minecraft:leave_game":12,"minecraft:play_time":40826,"minecraft:sprint_one_cm":16520,"minecraft:time_since_death":40826,"minecraft:walk_on_water_one_cm":698,"minecraft:walk_one_cm":29153,"minecraft:sleep_in_bed":1,"minecraft:total_world_time":40826,"minecraft:walk_under_water_one_cm":611,"minecraft:swim_one_cm":1774,"minecraft:fall_one_cm":807,"minecraft:fly_one_cm":20847},"minecraft:picked_up":{"croptopia:calamari":1,"betteranimalsplus:calamari_raw":2,"minecraft:ink_sac":1}},"DataVersion":3120}