{"stats":{"minecraft:custom":{"minecraft:jump":57,"minecraft:time_since_rest":13216,"minecraft:walk_on_water_one_cm":560,"minecraft:leave_game":2,"minecraft:play_time":18327,"minecraft:sprint_one_cm":8676,"minecraft:damage_taken":50,"minecraft:time_since_death":18327,"minecraft:walk_one_cm":18842,"minecraft:sleep_in_bed":1,"minecraft:total_world_time":18327,"minecraft:walk_under_water_one_cm":611,"minecraft:swim_one_cm":1774,"minecraft:fall_one_cm":807,"minecraft:fly_one_cm":7875}},"DataVersion":3120}