{"stats":{"minecraft:killed_by":{"minecraft:skeleton":1},"minecraft:used":{"duckling:cooked_duck":3,"minecraft:wooden_pickaxe":34,"minecraft:torch":1,"minecraft:crafting_table":3,"minecraft:spruce_log":1,"minecraft:wooden_axe":4,"duckling:raw_duck":1,"minecraft:spruce_sapling":2,"minecraft:wooden_sword":33,"minecraft:furnace":1},"minecraft:custom":{"minecraft:interact_with_furnace":6,"minecraft:mob_kills":12,"minecraft:interact_with_crafting_table":3,"minecraft:leave_game":12,"minecraft:time_since_death":12179,"minecraft:sleep_in_bed":1,"minecraft:time_since_rest":12201,"minecraft:sprint_one_cm":83726,"minecraft:damage_taken":428,"minecraft:walk_one_cm":166445,"minecraft:drop":5,"minecraft:damage_dealt":1071,"minecraft:swim_one_cm":3468,"minecraft:fly_one_cm":70224,"minecraft:crouch_one_cm":467,"minecraft:play_time":76826,"tombstone:undead_killed":3,"minecraft:deaths":1,"minecraft:sneak_time":449,"minecraft:walk_under_water_one_cm":3917,"minecraft:jump":511,"minecraft:walk_on_water_one_cm":6522,"minecraft:total_world_time":76826,"minecraft:fall_one_cm":5150},"minecraft:mined":{"minecraft:crafting_table":3,"untamedwilds:flora_common_reed":3,"farmersdelight:wild_cabbages":7,"minecraft:spruce_leaves":2,"minecraft:wall_torch":1,"untamedwilds:block_burrow":3,"farmersdelight:sandy_shrub":1,"minecraft:furnace":1,"minecraft:spruce_log":2,"evilcraft:dark_ore":3,"minecraft:oak_log":9,"minecraft:coal_ore":16,"croptopia:radish_crop":2,"minecraft:sand":1,"minecraft:dirt":2,"minecraft:stone":14,"minecraft:oak_leaves":8},"minecraft:killed":{"betteranimalsplus:turkey":1,"duckling:duck":5,"minecraft:squid":1,"minecraft:zombie":3,"minecraft:cow":2},"minecraft:picked_up":{"minecraft:crafting_table":3,"betteranimalsplus:calamari_raw":3,"minecraft:feather":9,"croptopia:radish":2,"minecraft:leather":3,"croptopia:calamari":2,"minecraft:oak_log":9,"minecraft:dirt":2,"untamedwilds:material_fat":2,"farmersdelight:cabbage":3,"minecraft:beef":5,"justenoughdrugz:weed_seed":1,"farmersdelight:cabbage_seeds":7,"duckling:duck_egg":2,"duckling:raw_duck":5,"minecraft:furnace":1,"croptopia:apricot":1,"untamedwilds:flora_common_reed":11,"minecraft:torch":1,"minecraft:sand":1,"minecraft:spruce_sapling":2,"minecraft:ink_sac":4,"tombstone:grave_dust":1,"minecraft:spruce_log":2,"betteranimalsplus:turkey_leg_raw":1,"minecraft:spider_eye":2,"alexsmobs:animal_dictionary":1,"byg:biomepedia":1,"minecraft:beetroot_seeds":1,"croptopia:raspberry_seed":2,"croptopia:radish_seed":3,"evilcraft:dark_gem":13,"minecraft:coal":29,"minecraft:cobblestone":14},"minecraft:dropped":{"byg:biomepedia":1,"alexsmobs:animal_dictionary":1,"minecraft:dirt":2,"minecraft:spider_eye":2},"minecraft:crafted":{"minecraft:cooked_beef":5,"minecraft:wooden_sword":1,"minecraft:oak_planks":36,"minecraft:crafting_table":1,"minecraft:wooden_pickaxe":1,"minecraft:furnace":1,"duckling:cooked_duck":4,"minecraft:air":0,"betteranimalsplus:turkey_leg_cooked":1,"minecraft:stick":8,"minecraft:wooden_axe":1,"betteranimalsplus:calamari_cooked":3,"minecraft:torch":4}},"DataVersion":3120}