{"stats":{"minecraft:used":{"minecraft:dark_prismarine":6,"minecraft:stone_pickaxe":55,"minecraft:wooden_pickaxe":3,"minecraft:brown_mushroom":1,"minecraft:stone_axe":2,"minecraft:crafting_table":1,"tombstone:gift":2,"alexsmobs:animal_dictionary":1},"minecraft:custom":{"minecraft:time_since_rest":980,"minecraft:sprint_one_cm":20348,"minecraft:damage_taken":506,"minecraft:walk_one_cm":91171,"minecraft:drop":1,"minecraft:damage_dealt":43,"minecraft:interact_with_crafting_table":3,"minecraft:fly_one_cm":16479,"minecraft:crouch_one_cm":2733,"minecraft:play_time":27349,"minecraft:deaths":1,"minecraft:sneak_time":705,"minecraft:jump":308,"minecraft:time_since_death":940,"minecraft:walk_on_water_one_cm":278,"minecraft:total_world_time":27349,"minecraft:fall_one_cm":8137},"minecraft:mined":{"minecraft:yellow_terracotta":1,"minecraft:large_fern":2,"minecraft:dark_prismarine":15,"minecraft:spruce_planks":1,"minecraft:spruce_log":6,"minecraft:crafting_table":1,"minecraft:grass_block":1,"minecraft:dirt":4,"minecraft:sand":1,"minecraft:smooth_quartz":7,"minecraft:spruce_leaves":8,"minecraft:stone":35,"minecraft:oak_leaves":1},"minecraft:dropped":{"minecraft:sand":1},"minecraft:picked_up":{"minecraft:crafting_table":1,"minecraft:brown_mushroom":1,"minecraft:sand":1,"minecraft:spruce_sapling":1,"minecraft:spruce_log":6,"minecraft:dirt":5,"minecraft:dark_prismarine":15,"byg:biomepedia":1,"minecraft:spruce_planks":1,"minecraft:yellow_terracotta":1,"minecraft:smooth_quartz":7,"minecraft:cobblestone":35},"minecraft:crafted":{"minecraft:crafting_table":1,"minecraft:stick":8,"minecraft:spruce_planks":12,"minecraft:wooden_pickaxe":1,"minecraft:stone_pickaxe":1,"minecraft:stone_axe":1}},"DataVersion":3120}