{"stats":{"minecraft:custom":{"minecraft:interact_with_furnace":1,"minecraft:mob_kills":61,"tombstone:raider_killed":7,"minecraft:interact_with_crafting_table":8,"minecraft:open_barrel":37,"minecraft:damage_dealt_resisted":1939,"minecraft:time_since_death":72940,"minecraft:sleep_in_bed":3,"minecraft:climb_one_cm":942,"minecraft:time_since_rest":16432,"minecraft:sprint_one_cm":276118,"minecraft:damage_absorbed":80,"minecraft:damage_taken":4322,"minecraft:walk_one_cm":402433,"minecraft:drop":19,"minecraft:damage_dealt":14768,"minecraft:damage_dealt_absorbed":157,"minecraft:swim_one_cm":30999,"minecraft:fly_one_cm":405145,"minecraft:open_chest":40,"minecraft:crouch_one_cm":19595,"minecraft:play_time":99349,"tombstone:undead_killed":18,"minecraft:deaths":1,"minecraft:sneak_time":4242,"minecraft:walk_under_water_one_cm":4679,"minecraft:jump":1946,"minecraft:walk_on_water_one_cm":9665,"minecraft:total_world_time":99349,"minecraft:fall_one_cm":41764},"minecraft:used":{"minecraft:cooked_mutton":5,"simplyswords:iron_claymore":48,"minecraft:stone_pickaxe":114,"minecraft:spruce_planks":79,"minecraft:chest":1,"minecraft:wooden_pickaxe":5,"minecraft:brown_mushroom":1,"minecraft:golden_apple":2,"minecraft:torch":11,"simplyswords:diamond_greataxe":254,"minecraft:crafting_table":2,"minecraft:carrot":6,"minecraft:spruce_fence":1,"minecraft:dark_prismarine":18,"minecraft:wooden_axe":34,"minecraft:melon_slice":7,"minecraft:bread":53,"minecraft:cyan_bed":3,"minecraft:dark_oak_wood":2,"evilcraft:box_of_eternal_closure":2,"minecraft:smooth_quartz":1,"minecraft:stone_axe":78,"minecraft:diamond_sword":27,"minecraft:golden_carrot":4,"minecraft:cobblestone":17,"minecraft:bucket":1,"tombstone:gift":2,"alexsmobs:animal_dictionary":1},"minecraft:broken":{"minecraft:stone_axe":1},"minecraft:mined":{"minecraft:dark_oak_planks":1,"minecraft:yellow_terracotta":4,"minecraft:dark_prismarine":21,"minecraft:spruce_planks":24,"minecraft:crafting_table":1,"minecraft:cornflower":1,"minecraft:dark_oak_wood":2,"minecraft:grass_block":1,"minecraft:spruce_fence":5,"minecraft:melon":1,"minecraft:cobblestone":3,"minecraft:cyan_bed":1,"minecraft:spruce_leaves":8,"botania:light_gray_double_flower":1,"minecraft:wall_torch":3,"minecraft:spawner":6,"minecraft:large_fern":2,"minecraft:ice":2,"evilcraft:box_of_eternal_closure":2,"minecraft:spruce_log":7,"minecraft:enchanting_table":1,"minecraft:dark_oak_stairs":1,"minecraft:bookshelf":7,"minecraft:coal_ore":1,"minecraft:light_gray_concrete":5,"minecraft:smooth_quartz":32,"minecraft:cyan_carpet":1,"minecraft:sand":1,"minecraft:dirt":4,"minecraft:packed_ice":2,"minecraft:spruce_wood":17,"minecraft:stone":41,"minecraft:oak_leaves":1,"minecraft:fern":3},"minecraft:killed":{"minecraft:magma_cube":1,"minecraft:cave_spider":16,"minecraft:vindicator":1,"minecraft:spider":7,"betteranimalsplus:eel_freshwater":1,"minecraft:skeleton":6,"minecraft:pillager":6,"betteranimalsplus:reindeer":2,"minecraft:wither_skeleton":12},"minecraft:picked_up":{"minecraft:enchanting_table":1,"minecraft:crafting_table":1,"minecraft:leather_leggings":1,"minecraft:brown_mushroom":1,"minecraft:diamond_sword":1,"supplementaries:flax_seeds":2,"minecraft:string":20,"minecraft:dirt":5,"aquamirae:pirate_pouch":1,"minecraft:cooked_mutton":5,"minecraft:bone":10,"minecraft:spruce_planks":32,"minecraft:spruce_wood":20,"minecraft:cyan_wool":7,"minecraft:smooth_quartz":27,"orcz:big_bone_1":2,"minecraft:melon_slice":7,"minecraft:dark_oak_stairs":1,"minecraft:book":21,"minecraft:torch":6,"minecraft:spruce_fence":4,"minecraft:sand":4,"minecraft:spruce_sapling":1,"minecraft:fermented_spider_eye":1,"minecraft:spruce_log":6,"minecraft:cyan_bed":1,"minecraft:dark_oak_planks":1,"minecraft:spider_eye":1,"minecraft:dark_prismarine":21,"evilcraft:box_of_eternal_closure":2,"minecraft:bundle":2,"byg:biomepedia":1,"minecraft:arrow":1,"tombstone:familiar_stone":1,"minecraft:crossbow":1,"minecraft:yellow_terracotta":4,"minecraft:emerald":2,"minecraft:dark_oak_wood":4,"minecraft:coal":4,"minecraft:cobblestone":45},"minecraft:dropped":{"byg:biomepedia":2,"alexsmobs:animal_dictionary":1,"orcz:big_bone_1":2,"minecraft:yellow_terracotta":1,"minecraft:book":15,"minecraft:spruce_fence":1,"minecraft:chainmail_chestplate":1,"supplementaries:flax_seeds":2,"mca:book_romance":1,"botania:lexicon":1,"minecraft:bundle":1,"minecraft:stone_pickaxe":1,"minecraft:sand":4,"minecraft:arrow":1,"minecraft:redstone":2},"minecraft:crafted":{"minecraft:crafting_table":1,"minecraft:spruce_planks":96,"minecraft:wooden_pickaxe":1,"minecraft:cyan_bed":2,"minecraft:stone_axe":1,"minecraft:stick":12,"minecraft:stone_pickaxe":1,"minecraft:wooden_axe":1,"minecraft:chest":1,"minecraft:torch":8}},"DataVersion":3120}