{"stats":{"minecraft:used":{"alexsmobs:animal_dictionary":1},"minecraft:custom":{"minecraft:jump":88,"minecraft:time_since_rest":15349,"minecraft:damage_dealt":34,"minecraft:crouch_one_cm":338,"minecraft:damage_taken":26,"minecraft:sprint_one_cm":4049,"minecraft:play_time":15349,"minecraft:time_since_death":15349,"minecraft:walk_one_cm":49782,"minecraft:sneak_time":103,"minecraft:total_world_time":15349,"minecraft:fall_one_cm":1082,"minecraft:fly_one_cm":2050},"minecraft:mined":{"minecraft:spruce_log":2},"minecraft:picked_up":{"byg:biomepedia":1,"minecraft:spruce_log":2}},"DataVersion":3120}