{"stats":{"minecraft:custom":{"minecraft:mob_kills":12,"minecraft:interact_with_crafting_table":7,"minecraft:damage_dealt_resisted":811,"minecraft:time_since_death":12940,"minecraft:time_since_rest":12980,"minecraft:sprint_one_cm":53314,"minecraft:damage_taken":1265,"minecraft:walk_one_cm":157825,"minecraft:drop":4,"minecraft:damage_dealt":3579,"minecraft:fly_one_cm":22797,"minecraft:open_chest":7,"minecraft:crouch_one_cm":6182,"minecraft:play_time":39349,"tombstone:undead_killed":5,"minecraft:deaths":1,"minecraft:sneak_time":1551,"minecraft:jump":400,"minecraft:walk_on_water_one_cm":278,"minecraft:total_world_time":39349,"minecraft:fall_one_cm":9250},"minecraft:used":{"simplyswords:iron_claymore":3,"minecraft:stone_pickaxe":74,"minecraft:chest":1,"minecraft:wooden_pickaxe":5,"minecraft:brown_mushroom":1,"minecraft:torch":4,"minecraft:crafting_table":2,"minecraft:spruce_fence":1,"minecraft:dark_prismarine":15,"minecraft:wooden_axe":3,"minecraft:bread":14,"minecraft:cyan_bed":1,"minecraft:dark_oak_wood":2,"minecraft:smooth_quartz":1,"minecraft:stone_axe":78,"minecraft:diamond_sword":18,"minecraft:cobblestone":17,"tombstone:gift":2,"alexsmobs:animal_dictionary":1},"minecraft:broken":{"minecraft:stone_axe":1},"minecraft:mined":{"minecraft:yellow_terracotta":1,"minecraft:dark_prismarine":15,"minecraft:spruce_planks":14,"minecraft:crafting_table":1,"minecraft:cornflower":1,"minecraft:dark_oak_wood":2,"minecraft:grass_block":1,"minecraft:spruce_fence":4,"minecraft:melon":1,"minecraft:spruce_leaves":8,"minecraft:wall_torch":2,"minecraft:large_fern":2,"minecraft:spruce_log":6,"minecraft:dark_oak_stairs":1,"minecraft:bookshelf":5,"minecraft:coal_ore":1,"minecraft:smooth_quartz":24,"minecraft:cyan_carpet":1,"minecraft:sand":1,"minecraft:dirt":4,"minecraft:stone":36,"minecraft:oak_leaves":1},"minecraft:dropped":{"minecraft:yellow_terracotta":1,"minecraft:spruce_fence":1,"supplementaries:flax_seeds":2,"minecraft:sand":1},"minecraft:killed":{"minecraft:cave_spider":5,"minecraft:spider":1,"minecraft:wither_skeleton":5},"minecraft:picked_up":{"minecraft:crafting_table":1,"minecraft:brown_mushroom":1,"minecraft:diamond_sword":1,"supplementaries:flax_seeds":2,"minecraft:string":5,"minecraft:dirt":5,"minecraft:spruce_planks":16,"minecraft:cyan_wool":7,"minecraft:smooth_quartz":24,"minecraft:melon_slice":4,"minecraft:dark_oak_stairs":1,"minecraft:book":15,"minecraft:torch":2,"minecraft:spruce_fence":3,"minecraft:sand":1,"minecraft:spruce_sapling":1,"minecraft:spruce_log":6,"minecraft:spider_eye":1,"minecraft:dark_prismarine":15,"byg:biomepedia":1,"tombstone:familiar_stone":1,"minecraft:yellow_terracotta":1,"minecraft:dark_oak_wood":4,"minecraft:coal":2,"minecraft:cobblestone":36},"minecraft:crafted":{"minecraft:crafting_table":1,"minecraft:spruce_planks":16,"minecraft:wooden_pickaxe":1,"minecraft:cyan_bed":1,"minecraft:stone_axe":1,"minecraft:stick":12,"minecraft:stone_pickaxe":1,"minecraft:wooden_axe":1,"minecraft:chest":1,"minecraft:torch":8}},"DataVersion":3120}