{"stats":{"minecraft:custom":{"minecraft:mob_kills":48,"minecraft:interact_with_crafting_table":8,"minecraft:damage_dealt_resisted":1939,"minecraft:time_since_death":30940,"minecraft:sleep_in_bed":2,"minecraft:climb_one_cm":638,"minecraft:time_since_rest":14786,"minecraft:sprint_one_cm":102175,"minecraft:damage_taken":3091,"minecraft:walk_one_cm":291523,"minecraft:drop":4,"minecraft:damage_dealt":12650,"minecraft:fly_one_cm":38623,"minecraft:open_chest":27,"minecraft:crouch_one_cm":12700,"minecraft:play_time":57349,"tombstone:undead_killed":16,"minecraft:deaths":1,"minecraft:sneak_time":2788,"minecraft:jump":628,"minecraft:walk_on_water_one_cm":278,"minecraft:total_world_time":57349,"minecraft:fall_one_cm":11894},"minecraft:used":{"simplyswords:iron_claymore":48,"minecraft:stone_pickaxe":108,"minecraft:spruce_planks":45,"minecraft:chest":1,"minecraft:wooden_pickaxe":5,"minecraft:brown_mushroom":1,"minecraft:torch":11,"simplyswords:diamond_greataxe":209,"minecraft:crafting_table":2,"minecraft:spruce_fence":1,"minecraft:dark_prismarine":18,"minecraft:wooden_axe":34,"minecraft:bread":35,"minecraft:cyan_bed":3,"minecraft:dark_oak_wood":2,"minecraft:smooth_quartz":1,"minecraft:stone_axe":78,"minecraft:diamond_sword":27,"minecraft:golden_carrot":4,"minecraft:cobblestone":17,"tombstone:gift":2,"alexsmobs:animal_dictionary":1},"minecraft:broken":{"minecraft:stone_axe":1},"minecraft:mined":{"minecraft:dark_oak_planks":1,"minecraft:yellow_terracotta":4,"minecraft:dark_prismarine":21,"minecraft:spruce_planks":24,"minecraft:crafting_table":1,"minecraft:cornflower":1,"minecraft:dark_oak_wood":2,"minecraft:grass_block":1,"minecraft:spruce_fence":5,"minecraft:melon":1,"minecraft:cyan_bed":1,"minecraft:spruce_leaves":8,"minecraft:wall_torch":3,"minecraft:spawner":6,"minecraft:large_fern":2,"minecraft:spruce_log":6,"minecraft:enchanting_table":1,"minecraft:dark_oak_stairs":1,"minecraft:bookshelf":7,"minecraft:coal_ore":1,"minecraft:light_gray_concrete":5,"minecraft:smooth_quartz":32,"minecraft:cyan_carpet":1,"minecraft:sand":1,"minecraft:dirt":4,"minecraft:spruce_wood":17,"minecraft:stone":41,"minecraft:oak_leaves":1},"minecraft:dropped":{"minecraft:yellow_terracotta":1,"minecraft:spruce_fence":1,"supplementaries:flax_seeds":2,"minecraft:sand":1},"minecraft:killed":{"minecraft:magma_cube":1,"minecraft:cave_spider":16,"minecraft:spider":6,"minecraft:skeleton":4,"minecraft:wither_skeleton":12},"minecraft:picked_up":{"minecraft:enchanting_table":1,"minecraft:crafting_table":1,"minecraft:brown_mushroom":1,"minecraft:diamond_sword":1,"supplementaries:flax_seeds":2,"minecraft:string":20,"minecraft:dirt":5,"minecraft:bone":10,"minecraft:spruce_planks":31,"minecraft:spruce_wood":20,"minecraft:cyan_wool":7,"minecraft:smooth_quartz":27,"minecraft:melon_slice":4,"minecraft:dark_oak_stairs":1,"minecraft:book":21,"minecraft:torch":3,"minecraft:spruce_fence":4,"minecraft:sand":1,"minecraft:spruce_sapling":1,"minecraft:fermented_spider_eye":1,"minecraft:spruce_log":6,"minecraft:cyan_bed":1,"minecraft:dark_oak_planks":1,"minecraft:spider_eye":1,"minecraft:dark_prismarine":21,"byg:biomepedia":1,"tombstone:familiar_stone":1,"minecraft:yellow_terracotta":4,"minecraft:dark_oak_wood":4,"minecraft:coal":4,"minecraft:cobblestone":43},"minecraft:crafted":{"minecraft:crafting_table":1,"minecraft:spruce_planks":96,"minecraft:wooden_pickaxe":1,"minecraft:cyan_bed":2,"minecraft:stone_axe":1,"minecraft:stick":12,"minecraft:stone_pickaxe":1,"minecraft:wooden_axe":1,"minecraft:chest":1,"minecraft:torch":8}},"DataVersion":3120}