{"stats":{"minecraft:used":{"minecraft:spruce_planks":21},"minecraft:custom":{"minecraft:time_since_rest":1801,"minecraft:crouch_one_cm":2840,"minecraft:sprint_one_cm":17640,"minecraft:play_time":20398,"minecraft:deaths":1,"minecraft:damage_taken":409,"minecraft:walk_one_cm":24970,"minecraft:sneak_time":793,"minecraft:drop":8,"minecraft:jump":205,"minecraft:damage_dealt":15,"minecraft:leave_game":1,"minecraft:time_since_death":1767,"minecraft:total_world_time":20398,"minecraft:fall_one_cm":4034,"minecraft:fly_one_cm":20760},"minecraft:mined":{"minecraft:spruce_leaves":3,"minecraft:spruce_log":6},"minecraft:picked_up":{"byg:biomepedia":1,"patchouli:guide_book":1,"minecraft:spruce_log":8,"mca:book_romance":1,"alexsmobs:animal_dictionary":1},"minecraft:dropped":{"byg:biomepedia":2,"mca:book_romance":2,"alexsmobs:animal_dictionary":2,"patchouli:guide_book":2},"minecraft:crafted":{"minecraft:spruce_planks":32}},"DataVersion":3120}