{"stats":{"minecraft:used":{"minecraft:spruce_planks":145,"minecraft:chest":2,"minecraft:wooden_pickaxe":38,"minecraft:chainmail_helmet":1,"minecraft:torch":19,"minecraft:crafting_table":3,"minecraft:cyan_wool":1,"minecraft:cyan_bed":3,"minecraft:bread":38,"minecraft:iron_pickaxe":52,"minecraft:stone_axe":104,"minecraft:diamond_sword":116,"minecraft:cobblestone":7,"minecraft:chainmail_boots":1,"minecraft:cooked_porkchop":1,"tombstone:gift":1,"minecraft:chainmail_leggings":1},"minecraft:custom":{"minecraft:mob_kills":13,"minecraft:interact_with_crafting_table":10,"minecraft:damage_dealt_resisted":826,"minecraft:time_since_death":31767,"minecraft:leave_game":1,"minecraft:sleep_in_bed":2,"minecraft:time_since_rest":14786,"minecraft:sprint_one_cm":82188,"minecraft:damage_taken":2586,"minecraft:walk_one_cm":161250,"minecraft:drop":9,"minecraft:damage_dealt":4730,"minecraft:play_noteblock":1,"minecraft:fly_one_cm":60449,"minecraft:open_chest":21,"minecraft:crouch_one_cm":18751,"minecraft:play_time":50398,"tombstone:undead_killed":13,"minecraft:deaths":1,"minecraft:sneak_time":6042,"minecraft:jump":595,"minecraft:total_world_time":50398,"minecraft:fall_one_cm":14843},"minecraft:mined":{"minecraft:yellow_terracotta":1,"minecraft:spruce_planks":24,"minecraft:torch":2,"minecraft:dark_oak_wood":8,"minecraft:spruce_fence":5,"minecraft:spruce_leaves":9,"minecraft:cyan_bed":1,"minecraft:wall_torch":2,"minecraft:spawner":9,"minecraft:cyan_wool":21,"minecraft:glowstone":1,"minecraft:spruce_log":56,"minecraft:andesite":6,"minecraft:bookshelf":9,"minecraft:coal_ore":7,"minecraft:cyan_carpet":1,"minecraft:smooth_quartz":34,"minecraft:spruce_wood":17,"minecraft:stone":23},"minecraft:killed":{"minecraft:cave_spider":6,"minecraft:spider":2,"kevin_trophy:blister_zombie":1,"minecraft:wither_skeleton":12},"minecraft:picked_up":{"minecraft:andesite":6,"minecraft:diamond_sword":1,"mca:book_romance":1,"minecraft:string":7,"minecraft:bone":3,"minecraft:cyan_carpet":1,"minecraft:spruce_planks":16,"minecraft:spruce_wood":12,"minecraft:cyan_wool":18,"minecraft:smooth_quartz":33,"minecraft:glowstone_dust":4,"minecraft:book":27,"minecraft:stick":2,"minecraft:cooked_porkchop":1,"patchouli:guide_book":1,"minecraft:torch":3,"minecraft:spruce_fence":5,"minecraft:cyan_bed":1,"minecraft:spruce_log":58,"alexsmobs:animal_dictionary":1,"minecraft:spider_eye":8,"minecraft:light_gray_concrete":2,"byg:biomepedia":1,"minecraft:yellow_terracotta":1,"minecraft:dark_oak_wood":7,"minecraft:coal":10,"minecraft:cobblestone":21},"minecraft:dropped":{"byg:biomepedia":2,"alexsmobs:animal_dictionary":2,"patchouli:guide_book":2,"mca:book_romance":2,"minecraft:cyan_carpet":1},"minecraft:crafted":{"minecraft:crafting_table":3,"minecraft:spruce_planks":240,"minecraft:wooden_pickaxe":1,"minecraft:cyan_bed":2,"minecraft:stone_axe":1,"minecraft:stick":8,"minecraft:iron_pickaxe":1,"minecraft:chest":2,"minecraft:torch":16}},"DataVersion":3120}