{"stats":{"minecraft:killed_by":{"minecraft:vindicator":3},"minecraft:custom":{"minecraft:interact_with_furnace":5,"minecraft:mob_kills":21,"tombstone:raider_killed":3,"minecraft:interact_with_crafting_table":12,"minecraft:open_barrel":21,"minecraft:damage_dealt_resisted":826,"minecraft:time_since_death":17284,"minecraft:leave_game":1,"minecraft:sleep_in_bed":2,"minecraft:climb_one_cm":32,"minecraft:time_since_rest":17324,"minecraft:sprint_one_cm":250824,"minecraft:damage_taken":4430,"minecraft:walk_one_cm":242244,"minecraft:drop":29,"minecraft:damage_dealt":6844,"minecraft:play_noteblock":1,"minecraft:swim_one_cm":42189,"minecraft:fly_one_cm":434726,"minecraft:open_chest":35,"minecraft:crouch_one_cm":28042,"minecraft:play_time":92398,"tombstone:undead_killed":15,"minecraft:deaths":4,"minecraft:sneak_time":8050,"minecraft:walk_under_water_one_cm":7435,"minecraft:jump":1858,"minecraft:walk_on_water_one_cm":8225,"minecraft:total_world_time":92398,"minecraft:fall_one_cm":51640},"minecraft:used":{"minecraft:cooked_mutton":2,"minecraft:spruce_planks":164,"minecraft:chest":2,"minecraft:wooden_pickaxe":38,"minecraft:chainmail_helmet":1,"minecraft:torch":19,"minecraft:crafting_table":4,"minecraft:cyan_wool":1,"minecraft:melon_slice":21,"minecraft:cyan_bed":4,"minecraft:bread":54,"minecraft:iron_pickaxe":108,"minecraft:smooth_quartz":33,"minecraft:stone_axe":119,"minecraft:diamond_sword":151,"minecraft:golden_carrot":4,"minecraft:cobblestone":18,"minecraft:chainmail_boots":1,"minecraft:cooked_porkchop":1,"minecraft:bucket":1,"tombstone:gift":3,"minecraft:chainmail_leggings":1},"minecraft:mined":{"minecraft:dark_oak_planks":1,"minecraft:yellow_terracotta":1,"minecraft:spruce_planks":26,"minecraft:oak_fence":1,"minecraft:chiseled_quartz_block":5,"minecraft:crafting_table":1,"minecraft:torch":2,"minecraft:dark_oak_wood":8,"minecraft:grass_block":1,"minecraft:spruce_fence":5,"minecraft:melon":4,"minecraft:redstone_wire":2,"minecraft:spruce_leaves":9,"minecraft:cyan_bed":3,"minecraft:wall_torch":2,"minecraft:spawner":9,"minecraft:large_fern":6,"minecraft:cyan_wool":21,"minecraft:glowstone":1,"minecraft:spruce_log":58,"minecraft:andesite":6,"minecraft:enchanting_table":1,"minecraft:stone_brick_stairs":1,"minecraft:dark_oak_stairs":1,"minecraft:bookshelf":9,"minecraft:coal_ore":7,"minecraft:light_gray_concrete":19,"minecraft:cyan_carpet":1,"minecraft:smooth_quartz":43,"minecraft:packed_ice":6,"minecraft:cobweb":3,"minecraft:spruce_wood":18,"minecraft:stone":42,"minecraft:oak_leaves":1},"minecraft:killed":{"minecraft:cave_spider":6,"minecraft:vindicator":2,"minecraft:spider":2,"kevin_trophy:blister_zombie":1,"minecraft:skeleton":1,"minecraft:pillager":1,"minecraft:zombie":1,"untamedwilds:bison":1,"orcz:goblin_2sword":1,"orcz:orcsavage_2sword":1,"minecraft:wither_skeleton":12},"minecraft:dropped":{"byg:biomepedia":4,"minecraft:bread":2,"minecraft:wheat_seeds":1,"alexsmobs:animal_dictionary":3,"minecraft:oak_fence":2,"minecraft:cooked_mutton":5,"patchouli:guide_book":2,"minecraft:dirt":1,"mca:book_romance":3,"botania:lexicon":1,"minecraft:spruce_planks":1,"orcz:bone_1":2,"minecraft:melon_slice":4,"tombstone:grave_dust":4,"minecraft:dark_oak_planks":20,"minecraft:cyan_carpet":1},"minecraft:picked_up":{"minecraft:enchanting_table":1,"minecraft:crafting_table":1,"orcz:orcteeth":6,"minecraft:andesite":6,"minecraft:leather":2,"minecraft:diamond_sword":1,"minecraft:chiseled_quartz_block":5,"mca:book_romance":3,"minecraft:dirt":1,"minecraft:string":9,"minecraft:bone":6,"minecraft:cyan_carpet":1,"untamedwilds:material_fat":4,"minecraft:wheat_seeds":1,"minecraft:spruce_planks":18,"minecraft:spruce_wood":13,"minecraft:stone_pickaxe":1,"minecraft:cyan_wool":18,"minecraft:smooth_quartz":43,"minecraft:glowstone_dust":4,"minecraft:melon_slice":25,"minecraft:dark_oak_stairs":1,"minecraft:book":42,"botania:lexicon":2,"minecraft:stick":2,"minecraft:cooked_porkchop":1,"patchouli:guide_book":1,"minecraft:oak_fence":2,"minecraft:torch":6,"minecraft:spruce_fence":5,"orcz:orchorn":1,"tombstone:grave_dust":6,"minecraft:redstone":2,"minecraft:cyan_bed":3,"minecraft:spruce_log":60,"alexsmobs:animal_dictionary":3,"minecraft:spider_eye":8,"minecraft:dark_oak_planks":1,"minecraft:light_gray_concrete":24,"byg:biomepedia":5,"minecraft:rotten_flesh":2,"minecraft:diamond":3,"minecraft:yellow_terracotta":1,"minecraft:emerald":1,"minecraft:bread":2,"orcz:orceye":1,"minecraft:mutton":10,"minecraft:dark_oak_wood":7,"minecraft:coal":10,"minecraft:white_wool":2,"minecraft:cobblestone":40},"minecraft:crafted":{"minecraft:crafting_table":4,"minecraft:spruce_planks":256,"minecraft:wooden_pickaxe":1,"minecraft:cyan_bed":2,"minecraft:stone_axe":1,"minecraft:cooked_mutton":10,"minecraft:air":0,"minecraft:stick":8,"minecraft:iron_pickaxe":1,"minecraft:chest":2,"minecraft:dark_oak_planks":20,"minecraft:torch":16}},"DataVersion":3120}