{"stats":{"minecraft:used":{"minecraft:bread":8,"minecraft:cyan_bed":1,"minecraft:iron_pickaxe":5,"minecraft:chest":1,"minecraft:spruce_planks":29,"minecraft:wooden_pickaxe":38,"minecraft:chainmail_helmet":1,"minecraft:torch":11,"minecraft:diamond_sword":13,"minecraft:cobblestone":3,"minecraft:crafting_table":2,"minecraft:chainmail_boots":1,"minecraft:cooked_porkchop":1,"minecraft:cyan_wool":1,"minecraft:chainmail_leggings":1},"minecraft:custom":{"minecraft:time_since_rest":13801,"minecraft:sprint_one_cm":43922,"minecraft:damage_taken":1117,"minecraft:walk_one_cm":74053,"minecraft:mob_kills":1,"minecraft:drop":8,"minecraft:damage_dealt":715,"minecraft:interact_with_crafting_table":7,"minecraft:fly_one_cm":38193,"minecraft:open_chest":10,"minecraft:crouch_one_cm":8772,"minecraft:play_time":32398,"tombstone:undead_killed":2,"minecraft:deaths":1,"minecraft:sneak_time":2839,"minecraft:damage_dealt_resisted":122,"minecraft:jump":313,"minecraft:leave_game":1,"minecraft:time_since_death":13767,"minecraft:total_world_time":32398,"minecraft:fall_one_cm":8129},"minecraft:mined":{"minecraft:cyan_wool":18,"minecraft:spruce_planks":1,"minecraft:spruce_log":10,"minecraft:andesite":6,"minecraft:torch":2,"minecraft:dark_oak_wood":3,"minecraft:coal_ore":7,"minecraft:smooth_quartz":4,"minecraft:spruce_wood":3,"minecraft:spruce_leaves":7,"minecraft:cyan_bed":1,"minecraft:stone":16,"minecraft:spawner":3},"minecraft:killed":{"minecraft:wither_skeleton":2},"minecraft:picked_up":{"minecraft:stick":2,"minecraft:cooked_porkchop":1,"minecraft:andesite":6,"patchouli:guide_book":1,"minecraft:torch":1,"minecraft:diamond_sword":1,"minecraft:spruce_fence":1,"minecraft:spruce_log":12,"minecraft:cyan_bed":1,"mca:book_romance":1,"alexsmobs:animal_dictionary":1,"byg:biomepedia":1,"minecraft:bone":2,"minecraft:spruce_wood":2,"minecraft:cyan_wool":15,"minecraft:smooth_quartz":3,"minecraft:dark_oak_wood":2,"minecraft:coal":10,"minecraft:cobblestone":16},"minecraft:dropped":{"byg:biomepedia":2,"mca:book_romance":2,"alexsmobs:animal_dictionary":2,"patchouli:guide_book":2},"minecraft:crafted":{"minecraft:crafting_table":2,"minecraft:spruce_planks":56,"minecraft:stick":8,"minecraft:cyan_bed":1,"minecraft:wooden_pickaxe":1,"minecraft:iron_pickaxe":1,"minecraft:chest":1,"minecraft:torch":16,"minecraft:stone_axe":1}},"DataVersion":3120}