{"stats":{"minecraft:killed_by":{"minecraft:vindicator":3},"minecraft:used":{"minecraft:spruce_planks":164,"minecraft:chest":2,"minecraft:wooden_pickaxe":38,"minecraft:chainmail_helmet":1,"minecraft:torch":19,"minecraft:crafting_table":3,"minecraft:cyan_wool":1,"minecraft:melon_slice":19,"minecraft:cyan_bed":4,"minecraft:bread":54,"minecraft:iron_pickaxe":89,"minecraft:smooth_quartz":33,"minecraft:stone_axe":118,"minecraft:diamond_sword":139,"minecraft:cobblestone":18,"minecraft:chainmail_boots":1,"minecraft:cooked_porkchop":1,"minecraft:bucket":1,"tombstone:gift":3,"minecraft:chainmail_leggings":1},"minecraft:custom":{"minecraft:mob_kills":18,"tombstone:raider_killed":3,"minecraft:interact_with_crafting_table":10,"minecraft:open_barrel":21,"minecraft:damage_dealt_resisted":826,"minecraft:time_since_death":5284,"minecraft:leave_game":1,"minecraft:sleep_in_bed":2,"minecraft:climb_one_cm":32,"minecraft:time_since_rest":5324,"minecraft:sprint_one_cm":169572,"minecraft:damage_taken":4135,"minecraft:walk_one_cm":225915,"minecraft:drop":21,"minecraft:damage_dealt":6114,"minecraft:play_noteblock":1,"minecraft:swim_one_cm":41372,"minecraft:fly_one_cm":260119,"minecraft:open_chest":33,"minecraft:crouch_one_cm":25921,"minecraft:play_time":80398,"tombstone:undead_killed":15,"minecraft:deaths":4,"minecraft:sneak_time":7852,"minecraft:walk_under_water_one_cm":7314,"minecraft:jump":1297,"minecraft:walk_on_water_one_cm":8117,"minecraft:total_world_time":80398,"minecraft:fall_one_cm":30289},"minecraft:mined":{"minecraft:dark_oak_planks":1,"minecraft:yellow_terracotta":1,"minecraft:spruce_planks":26,"minecraft:oak_fence":1,"minecraft:chiseled_quartz_block":5,"minecraft:torch":2,"minecraft:dark_oak_wood":8,"minecraft:grass_block":1,"minecraft:spruce_fence":5,"minecraft:melon":4,"minecraft:redstone_wire":2,"minecraft:spruce_leaves":9,"minecraft:cyan_bed":3,"minecraft:wall_torch":2,"minecraft:spawner":9,"minecraft:cyan_wool":21,"minecraft:glowstone":1,"minecraft:spruce_log":58,"minecraft:andesite":6,"minecraft:enchanting_table":1,"minecraft:stone_brick_stairs":1,"minecraft:dark_oak_stairs":1,"minecraft:bookshelf":9,"minecraft:coal_ore":7,"minecraft:light_gray_concrete":19,"minecraft:cyan_carpet":1,"minecraft:smooth_quartz":43,"minecraft:packed_ice":6,"minecraft:cobweb":3,"minecraft:spruce_wood":18,"minecraft:stone":23,"minecraft:oak_leaves":1},"minecraft:killed":{"minecraft:cave_spider":6,"minecraft:vindicator":2,"minecraft:spider":2,"kevin_trophy:blister_zombie":1,"minecraft:skeleton":1,"minecraft:pillager":1,"minecraft:zombie":1,"minecraft:wither_skeleton":12},"minecraft:dropped":{"byg:biomepedia":4,"minecraft:bread":2,"alexsmobs:animal_dictionary":3,"patchouli:guide_book":2,"mca:book_romance":3,"botania:lexicon":1,"minecraft:spruce_planks":1,"minecraft:melon_slice":4,"minecraft:cyan_carpet":1},"minecraft:picked_up":{"minecraft:enchanting_table":1,"minecraft:andesite":6,"minecraft:diamond_sword":1,"minecraft:chiseled_quartz_block":5,"mca:book_romance":3,"minecraft:dirt":1,"minecraft:string":9,"minecraft:bone":3,"minecraft:cyan_carpet":1,"minecraft:spruce_planks":18,"minecraft:spruce_wood":13,"minecraft:cyan_wool":18,"minecraft:smooth_quartz":43,"minecraft:glowstone_dust":4,"minecraft:melon_slice":25,"minecraft:dark_oak_stairs":1,"minecraft:book":42,"botania:lexicon":2,"minecraft:stick":2,"minecraft:cooked_porkchop":1,"patchouli:guide_book":1,"minecraft:oak_fence":1,"minecraft:torch":6,"minecraft:spruce_fence":5,"tombstone:grave_dust":2,"minecraft:redstone":2,"minecraft:cyan_bed":3,"minecraft:spruce_log":60,"alexsmobs:animal_dictionary":3,"minecraft:spider_eye":8,"minecraft:dark_oak_planks":1,"minecraft:light_gray_concrete":24,"byg:biomepedia":5,"minecraft:rotten_flesh":2,"minecraft:yellow_terracotta":1,"minecraft:emerald":1,"minecraft:bread":2,"minecraft:dark_oak_wood":7,"minecraft:coal":10,"minecraft:cobblestone":21},"minecraft:crafted":{"minecraft:crafting_table":3,"minecraft:spruce_planks":240,"minecraft:wooden_pickaxe":1,"minecraft:cyan_bed":2,"minecraft:stone_axe":1,"minecraft:stick":8,"minecraft:iron_pickaxe":1,"minecraft:chest":2,"minecraft:torch":16}},"DataVersion":3120}