{"stats":{"minecraft:mined":{"minecraft:grass":1,"byg:brown_oak_leaves":2},"minecraft:picked_up":{"betteranimalsplus:eel_meat_raw":2,"minecraft:wheat_seeds":1},"minecraft:custom":{"minecraft:jump":75,"minecraft:time_since_rest":23141,"minecraft:damage_dealt":9,"minecraft:damage_taken":200,"minecraft:crouch_one_cm":6,"minecraft:leave_game":2,"minecraft:play_time":23141,"minecraft:sprint_one_cm":7708,"minecraft:time_since_death":23141,"minecraft:walk_on_water_one_cm":432,"minecraft:walk_one_cm":9748,"minecraft:sneak_time":29,"minecraft:total_world_time":23141,"minecraft:walk_under_water_one_cm":2103,"minecraft:swim_one_cm":870,"minecraft:fly_one_cm":41061,"minecraft:fall_one_cm":1873},"minecraft:used":{"minecraft:white_bed":2,"minecraft:sand":4}},"DataVersion":3120}