{"stats":{"minecraft:killed_by":{"betteranimalsplus:boar":1,"minecraft:skeleton":1,"creeperoverhaul:spruce_creeper":1},"minecraft:custom":{"minecraft:mob_kills":12,"minecraft:interact_with_crafting_table":20,"minecraft:leave_game":3,"minecraft:time_since_death":10834,"minecraft:sprint_one_cm":258907,"minecraft:walk_one_cm":322131,"minecraft:drop":24,"minecraft:play_time":138914,"minecraft:deaths":5,"minecraft:sneak_time":671,"minecraft:walk_under_water_one_cm":7328,"minecraft:boat_one_cm":8233,"minecraft:jump":1896,"minecraft:walk_on_water_one_cm":9276,"minecraft:total_world_time":138914,"minecraft:interact_with_furnace":16,"minecraft:sleep_in_bed":9,"minecraft:time_since_rest":8842,"minecraft:damage_taken":2215,"minecraft:damage_dealt":2209,"minecraft:swim_one_cm":14765,"minecraft:fly_one_cm":486634,"minecraft:open_chest":23,"minecraft:crouch_one_cm":1811,"tombstone:undead_killed":6,"minecraft:fall_one_cm":43632},"minecraft:used":{"minecraft:stone_sword":72,"minecraft:stone_shovel":573,"croptopia:calamari":1,"minecraft:spruce_planks":29,"minecraft:chest":5,"minecraft:dirt":282,"betteranimalsplus:calamari_raw":3,"minecraft:spruce_boat":1,"evilcraft:flesh_humanoid":1,"croptopia:persimmon":2,"minecraft:sweet_berries":6,"minecraft:furnace":3,"simplytools:stone_excavator":197,"croptopia:roe":2,"tombstone:gift":1,"minecraft:stone_pickaxe":108,"minecraft:cartography_table":2,"croptopia:apricot":1,"minecraft:wooden_pickaxe":19,"minecraft:salmon":1,"minecraft:sand":4,"minecraft:crafting_table":7,"minecraft:white_bed":7,"minecraft:bread":4,"simplytools:stone_hammer":24,"minecraft:stone_axe":201,"betteranimalsplus:eel_meat_raw":1,"croptopia:toast":9},"minecraft:broken":{"minecraft:stone_axe":1,"simplytools:stone_excavator":1,"minecraft:stone_shovel":4},"minecraft:mined":{"minecraft:white_bed":5,"orcz:orcamanita":2,"minecraft:grass_block":388,"minecraft:spruce_leaves":26,"minecraft:cartography_table":2,"minecraft:hay_block":29,"minecraft:furnace":2,"minecraft:iron_ore":1,"minecraft:fire":2,"minecraft:pumpkin":3,"minecraft:dirt_path":3,"botania:light_blue_double_flower":1,"minecraft:stone":105,"create:veridium":6,"byg:white_puffball":1,"minecraft:smithing_table":1,"minecraft:podzol":1,"croptopia:lettuce_crop":1,"minecraft:clay":1,"minecraft:crafting_table":4,"minecraft:chest":1,"minecraft:birch_log":23,"minecraft:spruce_log":44,"minecraft:grass":9,"minecraft:coal_ore":20,"minecraft:oak_log":79,"minecraft:dirt":292,"minecraft:oak_leaves":9,"minecraft:fern":1,"byg:brown_oak_leaves":2},"minecraft:killed":{"mca:male_zombie_villager":1,"minecraft:spider":2,"betteranimalsplus:boar":1,"minecraft:skeleton":3,"minecraft:creeper":2,"minecraft:squid":1,"minecraft:zombie":2},"minecraft:dropped":{"minecraft:bread":29,"minecraft:wheat_seeds":1,"minecraft:diamond":2,"minecraft:smithing_table":1,"byg:white_puffball_cap":1,"tombstone:grave_dust":1,"betteranimalsplus:eel_meat_raw":1,"minecraft:dandelion":3,"minecraft:sugar_cane":2,"croptopia:toast":4,"alexsmobs:animal_dictionary":1,"minecraft:wheat":1,"patchouli:guide_book":2,"minecraft:hay_block":10},"minecraft:picked_up":{"croptopia:toast":13,"minecraft:crafting_table":4,"betteranimalsplus:calamari_raw":3,"minecraft:wheat":9,"minecraft:clay_ball":8,"minecraft:smithing_table":3,"croptopia:calamari":3,"botania:light_blue_double_flower":2,"minecraft:string":2,"croptopia:lettuce":2,"alexsmobs:ancient_dart":1,"minecraft:cartography_table":2,"minecraft:spruce_planks":67,"justenoughdrugz:weed_seed":1,"minecraft:sugar_cane":2,"minecraft:chest":1,"minecraft:birch_sapling":1,"minecraft:furnace":2,"minecraft:raw_iron":1,"minecraft:stick":20,"minecraft:porkchop":2,"tombstone:grave_dust":5,"botania:black_lotus":1,"minecraft:arrow":3,"croptopia:persimmon":2,"minecraft:hay_block":39,"create:veridium":12,"supplementaries:quiver":1,"byg:white_puffball_spores":4,"iammusicplayer:boombox":1,"minecraft:cobblestone":111,"croptopia:cauliflower":1,"minecraft:birch_log":21,"minecraft:salmon":1,"minecraft:leather":2,"byg:white_puffball_cap":2,"minecraft:oak_log":79,"evilcraft:flesh_humanoid":2,"minecraft:gunpowder":1,"minecraft:map":3,"minecraft:dirt":692,"minecraft:paper":6,"minecraft:bone":13,"minecraft:apple":1,"minecraft:wheat_seeds":7,"croptopia:roe":2,"croptopia:cauliflower_seed":1,"croptopia:apricot":1,"minecraft:pumpkin":6,"minecraft:sweet_berries":7,"patchouli:guide_book":1,"minecraft:dandelion":3,"minecraft:spruce_sapling":11,"minecraft:ink_sac":8,"minecraft:white_bed":5,"minecraft:spruce_log":43,"alexsmobs:animal_dictionary":2,"betteranimalsplus:eel_meat_raw":4,"minecraft:diamond":6,"minecraft:spruce_boat":2,"waystones:waystone":4,"minecraft:bread":139,"tombstone:magic_scroll":2,"minecraft:oak_sapling":20,"minecraft:coal":20},"minecraft:crafted":{"minecraft:oak_planks":40,"minecraft:stone_shovel":5,"simplytools:stone_excavator":1,"minecraft:furnace":1,"croptopia:toast":62,"simplytools:stone_hammer":1,"minecraft:stone_pickaxe":1,"minecraft:chest":4,"minecraft:spruce_boat":1,"simplytools:stone_excavator_head":1,"minecraft:wheat":253,"minecraft:crafting_table":3,"minecraft:spruce_planks":84,"minecraft:wooden_pickaxe":1,"simplytools:stone_hammer_head":1,"minecraft:stone_axe":2,"minecraft:bread":87,"minecraft:air":0,"minecraft:stick":16,"minecraft:stone_sword":1}},"DataVersion":3120}