{"stats":{"minecraft:picked_up":{"betteranimalsplus:eel_meat_raw":2,"minecraft:wheat_seeds":1},"minecraft:custom":{"minecraft:jump":32,"minecraft:time_since_rest":4037,"minecraft:crouch_one_cm":6,"minecraft:damage_dealt":9,"minecraft:walk_on_water_one_cm":190,"minecraft:sprint_one_cm":4753,"minecraft:play_time":4037,"minecraft:damage_taken":200,"minecraft:time_since_death":4037,"minecraft:walk_one_cm":4543,"minecraft:sneak_time":26,"minecraft:total_world_time":4037,"minecraft:walk_under_water_one_cm":1469,"minecraft:fall_one_cm":1873,"minecraft:fly_one_cm":17527},"minecraft:mined":{"minecraft:grass":1,"byg:brown_oak_leaves":2}},"DataVersion":3120}