{"stats":{"minecraft:killed_by":{"creeperoverhaul:spruce_creeper":1},"minecraft:custom":{"minecraft:mob_kills":3,"minecraft:interact_with_crafting_table":5,"minecraft:leave_game":2,"minecraft:time_since_death":12087,"minecraft:sleep_in_bed":2,"minecraft:time_since_rest":3510,"minecraft:sprint_one_cm":91477,"minecraft:damage_taken":1025,"minecraft:walk_one_cm":118499,"minecraft:drop":6,"minecraft:damage_dealt":833,"minecraft:swim_one_cm":8635,"minecraft:fly_one_cm":130933,"minecraft:open_chest":1,"minecraft:crouch_one_cm":294,"minecraft:play_time":63071,"tombstone:undead_killed":1,"minecraft:deaths":3,"minecraft:sneak_time":156,"minecraft:walk_under_water_one_cm":6296,"minecraft:boat_one_cm":8233,"minecraft:jump":612,"minecraft:walk_on_water_one_cm":5873,"minecraft:total_world_time":63071,"minecraft:fall_one_cm":14638},"minecraft:used":{"minecraft:stone_sword":31,"minecraft:stone_shovel":3,"minecraft:stone_pickaxe":2,"croptopia:apricot":1,"minecraft:wooden_pickaxe":19,"minecraft:salmon":1,"minecraft:dirt":2,"minecraft:sand":4,"minecraft:crafting_table":4,"minecraft:white_bed":2,"betteranimalsplus:calamari_raw":1,"minecraft:spruce_boat":1,"evilcraft:flesh_humanoid":1,"minecraft:stone_axe":31,"betteranimalsplus:eel_meat_raw":1,"croptopia:persimmon":2,"croptopia:roe":2},"minecraft:mined":{"minecraft:podzol":1,"orcz:orcamanita":2,"minecraft:white_bed":1,"minecraft:crafting_table":2,"minecraft:grass_block":1,"minecraft:spruce_leaves":10,"minecraft:cartography_table":1,"minecraft:hay_block":17,"minecraft:fire":2,"minecraft:spruce_log":22,"minecraft:grass":2,"minecraft:dirt":5,"minecraft:stone":12,"botania:light_blue_double_flower":1,"byg:white_puffball":1,"byg:brown_oak_leaves":2,"minecraft:fern":1},"minecraft:killed":{"mca:male_zombie_villager":1,"minecraft:creeper":1,"minecraft:squid":1},"minecraft:picked_up":{"minecraft:crafting_table":2,"betteranimalsplus:calamari_raw":3,"minecraft:wheat":9,"minecraft:salmon":1,"minecraft:leather":1,"croptopia:calamari":2,"byg:white_puffball_cap":1,"minecraft:gunpowder":1,"botania:light_blue_double_flower":1,"minecraft:dirt":7,"minecraft:wheat_seeds":1,"minecraft:cartography_table":1,"croptopia:roe":2,"minecraft:sugar_cane":1,"minecraft:stick":1,"croptopia:apricot":1,"minecraft:sweet_berries":3,"minecraft:dandelion":2,"minecraft:ink_sac":4,"minecraft:white_bed":1,"minecraft:spruce_log":21,"betteranimalsplus:eel_meat_raw":4,"croptopia:persimmon":2,"minecraft:spruce_boat":1,"waystones:waystone":2,"minecraft:hay_block":26,"minecraft:bread":21,"tombstone:magic_scroll":1,"byg:white_puffball_spores":2,"minecraft:cobblestone":11},"minecraft:dropped":{"minecraft:bread":21,"minecraft:wheat":1,"minecraft:hay_block":10,"betteranimalsplus:eel_meat_raw":1,"minecraft:dandelion":1},"minecraft:crafted":{"minecraft:stone_shovel":1,"minecraft:crafting_table":2,"minecraft:spruce_planks":84,"minecraft:wooden_pickaxe":1,"minecraft:stone_axe":1,"minecraft:bread":39,"minecraft:stick":8,"minecraft:stone_pickaxe":1,"minecraft:stone_sword":1,"minecraft:spruce_boat":1,"minecraft:wheat":109}},"DataVersion":3120}