{"stats":{"minecraft:used":{"minecraft:white_bed":2,"minecraft:sand":4},"minecraft:custom":{"minecraft:jump":95,"minecraft:time_since_rest":272,"minecraft:damage_dealt":9,"minecraft:damage_taken":230,"minecraft:crouch_one_cm":6,"minecraft:leave_game":2,"minecraft:play_time":27071,"minecraft:sprint_one_cm":8440,"minecraft:time_since_death":244,"minecraft:walk_on_water_one_cm":432,"minecraft:walk_one_cm":11977,"minecraft:sneak_time":39,"minecraft:total_world_time":27071,"minecraft:walk_under_water_one_cm":2103,"minecraft:swim_one_cm":870,"minecraft:fly_one_cm":42615,"minecraft:fall_one_cm":2439,"minecraft:deaths":1},"minecraft:mined":{"minecraft:grass":1,"byg:brown_oak_leaves":2},"minecraft:picked_up":{"betteranimalsplus:eel_meat_raw":2,"minecraft:wheat_seeds":1}},"DataVersion":3120}