{"stats":{"minecraft:killed_by":{"betteranimalsplus:boar":1,"creeperoverhaul:spruce_creeper":1},"minecraft:used":{"minecraft:stone_sword":50,"minecraft:chest":5,"minecraft:stone_shovel":453,"minecraft:stone_pickaxe":53,"croptopia:calamari":1,"minecraft:cartography_table":2,"croptopia:apricot":1,"minecraft:spruce_planks":29,"minecraft:wooden_pickaxe":19,"minecraft:salmon":1,"minecraft:dirt":52,"minecraft:sand":4,"minecraft:crafting_table":7,"minecraft:white_bed":7,"minecraft:spruce_boat":1,"betteranimalsplus:calamari_raw":3,"minecraft:bread":4,"evilcraft:flesh_humanoid":1,"minecraft:stone_axe":58,"betteranimalsplus:eel_meat_raw":1,"croptopia:persimmon":2,"croptopia:toast":4,"minecraft:sweet_berries":6,"minecraft:furnace":3,"croptopia:roe":2,"tombstone:gift":1},"minecraft:custom":{"minecraft:interact_with_furnace":11,"minecraft:mob_kills":7,"minecraft:interact_with_crafting_table":14,"minecraft:leave_game":3,"minecraft:time_since_death":16728,"minecraft:sleep_in_bed":6,"minecraft:time_since_rest":3962,"minecraft:sprint_one_cm":210291,"minecraft:damage_taken":1680,"minecraft:walk_one_cm":231455,"minecraft:drop":24,"minecraft:damage_dealt":1518,"minecraft:swim_one_cm":14765,"minecraft:fly_one_cm":450676,"minecraft:open_chest":18,"minecraft:crouch_one_cm":1599,"minecraft:play_time":108914,"tombstone:undead_killed":2,"minecraft:deaths":4,"minecraft:sneak_time":617,"minecraft:walk_under_water_one_cm":7328,"minecraft:boat_one_cm":8233,"minecraft:jump":1692,"minecraft:walk_on_water_one_cm":9276,"minecraft:total_world_time":108914,"minecraft:fall_one_cm":42111},"minecraft:broken":{"minecraft:stone_shovel":3},"minecraft:mined":{"minecraft:podzol":1,"minecraft:smithing_table":1,"orcz:orcamanita":2,"minecraft:white_bed":5,"croptopia:lettuce_crop":1,"minecraft:clay":1,"minecraft:crafting_table":4,"minecraft:grass_block":254,"minecraft:chest":1,"minecraft:spruce_leaves":10,"minecraft:cartography_table":2,"minecraft:hay_block":29,"minecraft:furnace":2,"minecraft:fire":2,"minecraft:spruce_log":22,"minecraft:pumpkin":3,"minecraft:oak_log":6,"minecraft:coal_ore":17,"minecraft:grass":6,"minecraft:dirt_path":1,"minecraft:dirt":202,"minecraft:stone":33,"botania:light_blue_double_flower":1,"create:veridium":6,"minecraft:oak_leaves":1,"byg:white_puffball":1,"byg:brown_oak_leaves":2,"minecraft:fern":1},"minecraft:killed":{"mca:male_zombie_villager":1,"minecraft:spider":1,"betteranimalsplus:boar":1,"minecraft:creeper":2,"minecraft:squid":1,"minecraft:zombie":1},"minecraft:dropped":{"minecraft:bread":29,"minecraft:sugar_cane":2,"minecraft:wheat_seeds":1,"croptopia:toast":4,"alexsmobs:animal_dictionary":1,"minecraft:diamond":2,"minecraft:smithing_table":1,"minecraft:wheat":1,"byg:white_puffball_cap":1,"patchouli:guide_book":2,"minecraft:hay_block":10,"tombstone:grave_dust":1,"betteranimalsplus:eel_meat_raw":1,"minecraft:dandelion":3},"minecraft:picked_up":{"croptopia:toast":13,"minecraft:crafting_table":4,"betteranimalsplus:calamari_raw":3,"minecraft:wheat":9,"minecraft:clay_ball":8,"minecraft:salmon":1,"minecraft:leather":2,"minecraft:smithing_table":3,"minecraft:oak_log":6,"evilcraft:flesh_humanoid":2,"croptopia:calamari":3,"byg:white_puffball_cap":2,"botania:light_blue_double_flower":2,"minecraft:gunpowder":1,"minecraft:map":3,"minecraft:dirt":465,"minecraft:paper":6,"croptopia:lettuce":2,"alexsmobs:ancient_dart":1,"minecraft:bone":10,"minecraft:wheat_seeds":6,"minecraft:cartography_table":2,"minecraft:spruce_planks":67,"minecraft:sugar_cane":2,"croptopia:roe":2,"minecraft:chest":1,"minecraft:furnace":2,"minecraft:stick":4,"croptopia:apricot":1,"minecraft:pumpkin":6,"minecraft:sweet_berries":7,"patchouli:guide_book":1,"minecraft:dandelion":3,"minecraft:porkchop":2,"tombstone:grave_dust":4,"minecraft:ink_sac":8,"minecraft:white_bed":5,"minecraft:spruce_log":21,"alexsmobs:animal_dictionary":2,"botania:black_lotus":1,"betteranimalsplus:eel_meat_raw":4,"croptopia:persimmon":2,"minecraft:diamond":6,"minecraft:spruce_boat":2,"waystones:waystone":4,"minecraft:hay_block":39,"create:veridium":12,"minecraft:bread":139,"minecraft:coal":17,"tombstone:magic_scroll":2,"minecraft:oak_sapling":2,"iammusicplayer:boombox":1,"byg:white_puffball_spores":4,"minecraft:cobblestone":39},"minecraft:crafted":{"minecraft:oak_planks":24,"minecraft:stone_shovel":4,"minecraft:crafting_table":3,"minecraft:spruce_planks":84,"minecraft:wooden_pickaxe":1,"minecraft:furnace":1,"minecraft:stone_axe":1,"minecraft:bread":87,"minecraft:stick":12,"minecraft:stone_pickaxe":1,"minecraft:stone_sword":1,"minecraft:chest":4,"minecraft:spruce_boat":1,"minecraft:wheat":253}},"DataVersion":3120}