{"stats":{"minecraft:mined":{"minecraft:grass":1,"byg:brown_oak_leaves":2},"minecraft:picked_up":{"betteranimalsplus:eel_meat_raw":2,"minecraft:wheat_seeds":1},"minecraft:custom":{"minecraft:jump":72,"minecraft:time_since_rest":15568,"minecraft:damage_dealt":9,"minecraft:damage_taken":200,"minecraft:crouch_one_cm":6,"minecraft:leave_game":1,"minecraft:play_time":15568,"minecraft:sprint_one_cm":6593,"minecraft:time_since_death":15568,"minecraft:walk_on_water_one_cm":220,"minecraft:walk_one_cm":8924,"minecraft:sneak_time":26,"minecraft:total_world_time":15568,"minecraft:walk_under_water_one_cm":1999,"minecraft:swim_one_cm":870,"minecraft:fly_one_cm":38631,"minecraft:fall_one_cm":1873},"minecraft:used":{"minecraft:sand":4}},"DataVersion":3120}