{"stats":{"minecraft:picked_up":{"betteranimalsplus:eel_meat_raw":2,"minecraft:wheat_seeds":1},"minecraft:custom":{"minecraft:jump":70,"minecraft:time_since_rest":10819,"minecraft:leave_game":1,"minecraft:crouch_one_cm":6,"minecraft:damage_dealt":9,"minecraft:walk_on_water_one_cm":220,"minecraft:sprint_one_cm":6593,"minecraft:play_time":10819,"minecraft:damage_taken":200,"minecraft:time_since_death":10819,"minecraft:walk_one_cm":7621,"minecraft:sneak_time":26,"minecraft:total_world_time":10819,"minecraft:walk_under_water_one_cm":1999,"minecraft:swim_one_cm":870,"minecraft:fall_one_cm":1873,"minecraft:fly_one_cm":29769},"minecraft:mined":{"minecraft:grass":1,"byg:brown_oak_leaves":2}},"DataVersion":3120}