{"stats":{"minecraft:killed_by":{"creeperoverhaul:spruce_creeper":1},"minecraft:used":{"minecraft:stone_sword":38,"minecraft:stone_shovel":15,"minecraft:stone_pickaxe":27,"croptopia:calamari":1,"croptopia:apricot":1,"minecraft:spruce_planks":17,"minecraft:wooden_pickaxe":19,"minecraft:salmon":1,"minecraft:dirt":2,"minecraft:sand":4,"minecraft:crafting_table":5,"minecraft:white_bed":3,"betteranimalsplus:calamari_raw":3,"minecraft:spruce_boat":1,"evilcraft:flesh_humanoid":1,"minecraft:stone_axe":46,"betteranimalsplus:eel_meat_raw":1,"croptopia:toast":4,"croptopia:persimmon":2,"minecraft:sweet_berries":6,"minecraft:furnace":1,"croptopia:roe":2},"minecraft:custom":{"minecraft:interact_with_furnace":3,"minecraft:mob_kills":4,"minecraft:interact_with_crafting_table":7,"minecraft:leave_game":2,"minecraft:time_since_death":24087,"minecraft:sleep_in_bed":3,"minecraft:time_since_rest":10285,"minecraft:sprint_one_cm":122771,"minecraft:damage_taken":1145,"minecraft:walk_one_cm":145236,"minecraft:drop":15,"minecraft:damage_dealt":1033,"minecraft:swim_one_cm":10513,"minecraft:fly_one_cm":243923,"minecraft:open_chest":2,"minecraft:crouch_one_cm":358,"minecraft:play_time":75071,"tombstone:undead_killed":1,"minecraft:deaths":3,"minecraft:sneak_time":216,"minecraft:walk_under_water_one_cm":6631,"minecraft:boat_one_cm":8233,"minecraft:jump":986,"minecraft:walk_on_water_one_cm":6727,"minecraft:total_world_time":75071,"minecraft:fall_one_cm":26023},"minecraft:mined":{"minecraft:smithing_table":1,"minecraft:podzol":1,"orcz:orcamanita":2,"minecraft:white_bed":2,"croptopia:lettuce_crop":1,"minecraft:clay":1,"minecraft:crafting_table":3,"minecraft:grass_block":4,"minecraft:spruce_leaves":10,"minecraft:cartography_table":1,"minecraft:hay_block":29,"minecraft:furnace":1,"minecraft:fire":2,"minecraft:spruce_log":22,"minecraft:pumpkin":3,"minecraft:grass":4,"minecraft:dirt":14,"minecraft:stone":25,"botania:light_blue_double_flower":1,"create:veridium":6,"byg:white_puffball":1,"byg:brown_oak_leaves":2,"minecraft:fern":1},"minecraft:killed":{"mca:male_zombie_villager":1,"minecraft:creeper":2,"minecraft:squid":1},"minecraft:dropped":{"minecraft:bread":21,"minecraft:sugar_cane":2,"minecraft:wheat_seeds":1,"minecraft:smithing_table":1,"minecraft:wheat":1,"byg:white_puffball_cap":1,"patchouli:guide_book":2,"minecraft:hay_block":10,"betteranimalsplus:eel_meat_raw":1,"minecraft:dandelion":3},"minecraft:picked_up":{"croptopia:toast":8,"minecraft:crafting_table":3,"betteranimalsplus:calamari_raw":3,"minecraft:wheat":9,"minecraft:clay_ball":4,"minecraft:salmon":1,"minecraft:leather":1,"minecraft:smithing_table":2,"croptopia:calamari":2,"byg:white_puffball_cap":2,"minecraft:gunpowder":1,"botania:light_blue_double_flower":1,"minecraft:dirt":19,"croptopia:lettuce":1,"minecraft:wheat_seeds":3,"minecraft:cartography_table":1,"minecraft:spruce_planks":54,"croptopia:roe":2,"minecraft:sugar_cane":2,"minecraft:furnace":1,"minecraft:stick":1,"croptopia:apricot":1,"minecraft:pumpkin":3,"minecraft:sweet_berries":3,"patchouli:guide_book":1,"minecraft:dandelion":3,"minecraft:ink_sac":4,"minecraft:white_bed":2,"minecraft:spruce_log":21,"betteranimalsplus:eel_meat_raw":4,"croptopia:persimmon":2,"minecraft:spruce_boat":1,"waystones:waystone":2,"minecraft:hay_block":39,"create:veridium":6,"minecraft:bread":80,"tombstone:magic_scroll":1,"byg:white_puffball_spores":2,"minecraft:cobblestone":24},"minecraft:crafted":{"minecraft:stone_shovel":1,"minecraft:crafting_table":3,"minecraft:spruce_planks":84,"minecraft:wooden_pickaxe":1,"minecraft:furnace":1,"minecraft:stone_axe":1,"minecraft:bread":87,"minecraft:stick":8,"minecraft:stone_pickaxe":1,"minecraft:stone_sword":1,"minecraft:spruce_boat":1,"minecraft:wheat":253}},"DataVersion":3120}