{"stats":{"minecraft:killed_by":{"creeperoverhaul:spruce_creeper":1},"minecraft:used":{"betteranimalsplus:calamari_raw":1,"minecraft:stone_sword":16,"minecraft:stone_shovel":1,"minecraft:stone_pickaxe":1,"minecraft:wooden_pickaxe":19,"evilcraft:flesh_humanoid":1,"minecraft:salmon":1,"minecraft:stone_axe":22,"betteranimalsplus:eel_meat_raw":1,"minecraft:sand":4,"minecraft:crafting_table":2,"croptopia:roe":2,"minecraft:white_bed":2},"minecraft:custom":{"minecraft:time_since_rest":113,"minecraft:sprint_one_cm":51969,"minecraft:damage_taken":955,"minecraft:walk_one_cm":86946,"minecraft:mob_kills":2,"minecraft:drop":1,"minecraft:damage_dealt":583,"minecraft:swim_one_cm":8041,"minecraft:interact_with_crafting_table":3,"minecraft:fly_one_cm":90465,"minecraft:crouch_one_cm":294,"minecraft:play_time":51071,"tombstone:undead_killed":1,"minecraft:deaths":3,"minecraft:sneak_time":156,"minecraft:walk_under_water_one_cm":5245,"minecraft:jump":447,"minecraft:time_since_death":87,"minecraft:leave_game":2,"minecraft:walk_on_water_one_cm":4552,"minecraft:total_world_time":51071,"minecraft:fall_one_cm":12314},"minecraft:mined":{"minecraft:podzol":1,"minecraft:fire":2,"minecraft:spruce_log":22,"minecraft:crafting_table":1,"minecraft:grass":2,"minecraft:grass_block":1,"minecraft:dirt":5,"minecraft:spruce_leaves":10,"minecraft:stone":12,"byg:white_puffball":1,"minecraft:fern":1,"byg:brown_oak_leaves":2},"minecraft:dropped":{"betteranimalsplus:eel_meat_raw":1},"minecraft:killed":{"mca:male_zombie_villager":1,"minecraft:squid":1},"minecraft:picked_up":{"minecraft:stick":1,"minecraft:crafting_table":1,"betteranimalsplus:calamari_raw":3,"croptopia:apricot":1,"minecraft:salmon":1,"croptopia:calamari":2,"byg:white_puffball_cap":1,"minecraft:ink_sac":4,"minecraft:spruce_log":21,"minecraft:dirt":7,"betteranimalsplus:eel_meat_raw":4,"croptopia:persimmon":2,"minecraft:wheat_seeds":1,"waystones:waystone":1,"tombstone:magic_scroll":1,"croptopia:roe":2,"byg:white_puffball_spores":2,"minecraft:cobblestone":11},"minecraft:crafted":{"minecraft:stone_shovel":1,"minecraft:crafting_table":1,"minecraft:spruce_planks":32,"minecraft:stick":8,"minecraft:wooden_pickaxe":1,"minecraft:stone_pickaxe":1,"minecraft:stone_sword":1,"minecraft:stone_axe":1}},"DataVersion":3120}