{"stats":{"minecraft:killed_by":{"minecraft:skeleton":1,"betteranimalsplus:blackbear":1},"minecraft:custom":{"minecraft:mob_kills":16,"minecraft:interact_with_crafting_table":4,"minecraft:time_since_death":2989,"minecraft:time_since_rest":3011,"minecraft:sprint_one_cm":41096,"minecraft:damage_taken":740,"minecraft:walk_one_cm":93790,"minecraft:drop":24,"minecraft:damage_dealt":1769,"minecraft:swim_one_cm":3584,"minecraft:fly_one_cm":33707,"minecraft:crouch_one_cm":1256,"minecraft:play_time":29336,"tombstone:undead_killed":5,"minecraft:deaths":2,"minecraft:sneak_time":607,"minecraft:walk_under_water_one_cm":4232,"minecraft:jump":291,"minecraft:walk_on_water_one_cm":3853,"minecraft:total_world_time":29336,"minecraft:fall_one_cm":5814},"minecraft:used":{"minecraft:stone_sword":51,"minecraft:stone_pickaxe":26,"croptopia:calamari":2,"minecraft:wooden_pickaxe":26,"minecraft:salmon":2,"minecraft:crafting_table":2,"croptopia:raspberry":3,"byg:white_puffball_cap":2,"betteranimalsplus:calamari_raw":3,"minecraft:dark_prismarine":2,"minecraft:wooden_axe":1,"minecraft:smooth_quartz":6,"minecraft:stone_axe":26,"betteranimalsplus:eel_meat_raw":19,"croptopia:roe":1,"tombstone:gift":2},"minecraft:mined":{"minecraft:dark_oak_planks":1,"minecraft:dark_prismarine":2,"minecraft:spruce_planks":2,"minecraft:brown_mushroom":2,"minecraft:crafting_table":2,"croptopia:raspberry_crop":3,"minecraft:spruce_leaves":4,"minecraft:large_fern":1,"minecraft:spruce_sapling":1,"minecraft:spruce_log":13,"minecraft:grass":4,"minecraft:coal_ore":12,"minecraft:smooth_quartz":6,"minecraft:spruce_wood":6,"minecraft:stone":32,"byg:white_puffball":3,"minecraft:oak_leaves":4,"minecraft:fern":4},"minecraft:killed":{"minecraft:pig":3,"minecraft:salmon":3,"untamedwilds:newt":1,"minecraft:spider":1,"betteranimalsplus:eel_freshwater":2,"minecraft:zombie":5,"minecraft:fox":1},"minecraft:picked_up":{"minecraft:crafting_table":2,"betteranimalsplus:calamari_raw":3,"minecraft:salmon":2,"minecraft:brown_mushroom":2,"croptopia:calamari":4,"byg:white_puffball_cap":2,"minecraft:wheat_seeds":2,"minecraft:spruce_wood":6,"croptopia:raspberry":3,"justenoughdrugz:weed_seed":1,"minecraft:smooth_quartz":6,"croptopia:roe":1,"duckling:duck_egg":5,"minecraft:stick":1,"minecraft:porkchop":3,"minecraft:ink_sac":20,"minecraft:spruce_sapling":5,"tombstone:grave_dust":2,"minecraft:spruce_log":13,"minecraft:spider_eye":4,"minecraft:dark_prismarine":2,"betteranimalsplus:eel_meat_raw":19,"minecraft:rotten_flesh":6,"croptopia:raspberry_seed":4,"byg:white_puffball_spores":3,"minecraft:coal":12,"minecraft:cobblestone":33},"minecraft:dropped":{"byg:biomepedia":1,"minecraft:wheat_seeds":1,"alexsmobs:animal_dictionary":1,"croptopia:raspberry_seed":2,"evilcraft:flesh_humanoid":1,"patchouli:guide_book":1,"mca:book_romance":1,"minecraft:ink_sac":10,"minecraft:wooden_axe":1,"minecraft:spider_eye":4,"minecraft:wooden_pickaxe":1},"minecraft:crafted":{"minecraft:crafting_table":1,"minecraft:spruce_planks":24,"minecraft:wooden_pickaxe":1,"minecraft:stone_axe":1,"minecraft:stick":8,"minecraft:stone_pickaxe":1,"minecraft:wooden_axe":1,"minecraft:stone_sword":1}},"DataVersion":3120}