{"stats":{"minecraft:killed_by":{"minecraft:skeleton":2,"betteranimalsplus:blackbear":1},"minecraft:custom":{"minecraft:mob_kills":24,"minecraft:interact_with_crafting_table":6,"minecraft:eat_cake_slice":7,"minecraft:time_since_death":2466,"minecraft:time_since_rest":2494,"minecraft:sprint_one_cm":98215,"minecraft:damage_taken":1165,"minecraft:walk_one_cm":141578,"minecraft:damage_blocked_by_shield":330,"minecraft:drop":47,"minecraft:damage_dealt":3406,"minecraft:swim_one_cm":3584,"minecraft:fly_one_cm":59607,"minecraft:open_chest":7,"minecraft:crouch_one_cm":1545,"minecraft:play_time":41336,"tombstone:undead_killed":11,"minecraft:deaths":3,"minecraft:sneak_time":648,"minecraft:walk_under_water_one_cm":4232,"minecraft:jump":415,"minecraft:walk_on_water_one_cm":6735,"minecraft:total_world_time":41336,"minecraft:fall_one_cm":7486},"minecraft:used":{"minecraft:iron_bars":1,"minecraft:stone_sword":107,"minecraft:stone_pickaxe":37,"croptopia:calamari":4,"minecraft:shield":10,"minecraft:wooden_pickaxe":26,"minecraft:salmon":2,"minecraft:torch":5,"minecraft:crafting_table":4,"minecraft:carrot":5,"croptopia:raspberry":3,"byg:white_puffball_cap":2,"betteranimalsplus:calamari_raw":3,"minecraft:dark_prismarine":2,"minecraft:wooden_axe":1,"minecraft:smooth_quartz":6,"minecraft:stone_bricks":16,"minecraft:stone_axe":29,"betteranimalsplus:eel_meat_raw":19,"minecraft:sweet_berries":6,"minecraft:porkchop":3,"croptopia:roe":1,"tombstone:gift":2},"minecraft:broken":{"minecraft:chainmail_chestplate":1},"minecraft:mined":{"minecraft:dark_oak_planks":1,"minecraft:dark_prismarine":2,"minecraft:spruce_planks":2,"minecraft:brown_mushroom":2,"minecraft:crafting_table":4,"croptopia:raspberry_crop":3,"minecraft:spruce_leaves":4,"minecraft:wall_torch":1,"minecraft:spawner":2,"minecraft:large_fern":1,"minecraft:lime_bed":1,"minecraft:furnace":1,"minecraft:spruce_sapling":1,"minecraft:sweet_berry_bush":7,"minecraft:spruce_log":13,"minecraft:grass":5,"minecraft:coal_ore":12,"minecraft:iron_bars":5,"minecraft:smooth_quartz":6,"minecraft:spruce_wood":6,"minecraft:stone_bricks":2,"minecraft:stone":32,"byg:white_puffball":3,"minecraft:oak_leaves":4,"minecraft:fern":4},"minecraft:killed":{"minecraft:pig":3,"minecraft:salmon":3,"untamedwilds:newt":1,"minecraft:spider":3,"betteranimalsplus:eel_freshwater":2,"minecraft:skeleton":4,"minecraft:zombie":7,"minecraft:fox":1},"minecraft:picked_up":{"minecraft:lime_bed":1,"minecraft:crafting_table":4,"betteranimalsplus:calamari_raw":3,"minecraft:salmon":2,"minecraft:brown_mushroom":6,"minecraft:red_mushroom":1,"croptopia:calamari":4,"minecraft:chainmail_chestplate":1,"byg:white_puffball_cap":2,"minecraft:gunpowder":1,"minecraft:wooden_hoe":1,"minecraft:music_disc_cat":1,"minecraft:string":2,"minecraft:bone":8,"minecraft:stone_bricks":3,"minecraft:cracked_stone_bricks":3,"minecraft:wheat_seeds":2,"minecraft:gold_nugget":7,"minecraft:spruce_planks":58,"minecraft:spruce_wood":6,"minecraft:iron_ingot":2,"croptopia:raspberry":3,"justenoughdrugz:weed_seed":1,"minecraft:smooth_quartz":6,"minecraft:glass_bottle":1,"croptopia:roe":1,"duckling:duck_egg":5,"minecraft:furnace":1,"minecraft:stick":1,"minecraft:sweet_berries":15,"minecraft:torch":13,"minecraft:bowl":3,"minecraft:spruce_stairs":3,"minecraft:porkchop":3,"minecraft:ink_sac":20,"minecraft:spruce_sapling":5,"tombstone:grave_dust":2,"minecraft:spruce_log":17,"minecraft:fermented_spider_eye":1,"minecraft:spider_eye":5,"minecraft:dark_prismarine":2,"betteranimalsplus:eel_meat_raw":19,"minecraft:arrow":3,"minecraft:rotten_flesh":9,"croptopia:raspberry_seed":4,"byg:white_puffball_spores":3,"minecraft:iron_bars":5,"minecraft:coal":17,"minecraft:cobblestone":33,"minecraft:ender_pearl":1},"minecraft:dropped":{"byg:biomepedia":1,"minecraft:brown_mushroom":6,"minecraft:wheat_seeds":1,"alexsmobs:animal_dictionary":1,"minecraft:glass_bottle":1,"minecraft:bowl":3,"justenoughdrugz:weed_seed":1,"minecraft:rotten_flesh":9,"croptopia:raspberry_seed":2,"minecraft:cracked_stone_bricks":3,"minecraft:spruce_stairs":3,"evilcraft:flesh_humanoid":1,"patchouli:guide_book":1,"minecraft:red_mushroom":1,"minecraft:stick":3,"byg:white_puffball_spores":3,"mca:book_romance":1,"minecraft:gunpowder":1,"minecraft:ink_sac":20,"minecraft:wooden_hoe":1,"minecraft:wooden_axe":1,"tombstone:grave_dust":3,"minecraft:gold_nugget":7,"minecraft:spider_eye":5,"minecraft:iron_bars":2,"minecraft:arrow":2,"minecraft:wooden_pickaxe":1,"minecraft:fermented_spider_eye":1,"duckling:duck_egg":5,"minecraft:music_disc_cat":1,"minecraft:spruce_sapling":5,"minecraft:bone":5},"minecraft:crafted":{"minecraft:crafting_table":1,"minecraft:spruce_planks":92,"minecraft:wooden_pickaxe":1,"minecraft:stone_axe":1,"minecraft:flint_and_steel":1,"minecraft:shield":1,"minecraft:stick":8,"minecraft:stone_pickaxe":1,"minecraft:wooden_axe":1,"minecraft:stone_sword":1}},"DataVersion":3120}