{"stats":{"minecraft:used":{"minecraft:wooden_axe":1,"minecraft:wooden_pickaxe":26,"minecraft:stone_axe":3,"betteranimalsplus:eel_meat_raw":4,"minecraft:crafting_table":2,"croptopia:raspberry":1},"minecraft:custom":{"minecraft:time_since_rest":17336,"minecraft:sprint_one_cm":11237,"minecraft:damage_taken":125,"minecraft:walk_one_cm":38462,"minecraft:mob_kills":2,"minecraft:drop":8,"minecraft:damage_dealt":220,"minecraft:interact_with_crafting_table":4,"minecraft:fly_one_cm":9500,"minecraft:crouch_one_cm":43,"minecraft:play_time":17336,"minecraft:sneak_time":115,"minecraft:walk_under_water_one_cm":1198,"minecraft:jump":92,"minecraft:time_since_death":17336,"minecraft:walk_on_water_one_cm":180,"minecraft:total_world_time":17336,"minecraft:fall_one_cm":2760},"minecraft:mined":{"minecraft:spruce_sapling":1,"minecraft:spruce_log":6,"minecraft:crafting_table":2,"minecraft:grass":2,"croptopia:raspberry_crop":1,"minecraft:stone":26,"minecraft:fern":3},"minecraft:picked_up":{"minecraft:stick":1,"minecraft:crafting_table":2,"minecraft:spruce_sapling":1,"minecraft:spruce_log":6,"betteranimalsplus:eel_meat_raw":4,"croptopia:raspberry_seed":2,"croptopia:raspberry":1,"minecraft:cobblestone":27},"minecraft:killed":{"betteranimalsplus:eel_freshwater":2},"minecraft:dropped":{"byg:biomepedia":1,"mca:book_romance":1,"alexsmobs:animal_dictionary":1,"minecraft:wooden_axe":1,"croptopia:raspberry_seed":2,"minecraft:wooden_pickaxe":1,"patchouli:guide_book":1},"minecraft:crafted":{"minecraft:crafting_table":1,"minecraft:spruce_planks":24,"minecraft:stick":8,"minecraft:wooden_pickaxe":1,"minecraft:stone_pickaxe":1,"minecraft:wooden_axe":1,"minecraft:stone_sword":1,"minecraft:stone_axe":1}},"DataVersion":3120}