{"stats":{"minecraft:custom":{"minecraft:jump":16,"minecraft:time_since_rest":5336,"minecraft:sprint_one_cm":1248,"minecraft:play_time":5336,"minecraft:damage_taken":30,"minecraft:time_since_death":5336,"minecraft:walk_one_cm":5173,"minecraft:total_world_time":5336,"minecraft:fall_one_cm":1088,"minecraft:drop":4,"minecraft:fly_one_cm":450},"minecraft:mined":{"minecraft:fern":1},"minecraft:dropped":{"byg:biomepedia":1,"alexsmobs:animal_dictionary":1,"mca:book_romance":1,"patchouli:guide_book":1}},"DataVersion":3120}