{"stats":{"minecraft:killed_by":{"betteranimalsplus:blackbear":1,"minecraft:skeleton":2},"minecraft:custom":{"minecraft:mob_kills":43,"minecraft:interact_with_crafting_table":8,"minecraft:eat_cake_slice":7,"minecraft:time_since_death":20466,"minecraft:climb_one_cm":208,"minecraft:sprint_one_cm":177448,"minecraft:walk_one_cm":213809,"minecraft:damage_blocked_by_shield":1115,"minecraft:drop":56,"minecraft:play_time":59336,"minecraft:deaths":3,"minecraft:sneak_time":1148,"minecraft:walk_under_water_one_cm":4232,"minecraft:jump":513,"minecraft:walk_on_water_one_cm":6735,"minecraft:total_world_time":59336,"minecraft:interact_with_furnace":1,"minecraft:time_since_rest":20494,"minecraft:damage_taken":1823,"minecraft:damage_dealt":6636,"minecraft:swim_one_cm":3584,"minecraft:fly_one_cm":89072,"minecraft:open_chest":50,"minecraft:crouch_one_cm":3831,"tombstone:undead_killed":19,"minecraft:fall_one_cm":8024},"minecraft:used":{"minecraft:iron_bars":3,"minecraft:stone_sword":125,"croptopia:calamari":4,"minecraft:chest":2,"minecraft:shield":22,"minecraft:iron_sword":73,"minecraft:torch":30,"minecraft:brewing_stand":1,"minecraft:carrot":20,"croptopia:raspberry":3,"betteranimalsplus:calamari_raw":3,"minecraft:wooden_axe":1,"minecraft:iron_axe":3,"minecraft:smooth_quartz":6,"minecraft:stone_bricks":37,"minecraft:sweet_berries":15,"minecraft:furnace":1,"croptopia:roe":1,"tombstone:gift":4,"minecraft:stone_pickaxe":49,"minecraft:baked_potato":2,"minecraft:wooden_pickaxe":26,"minecraft:cracked_stone_bricks":1,"minecraft:salmon":2,"minecraft:lime_bed":1,"minecraft:crafting_table":6,"byg:white_puffball_cap":2,"minecraft:dark_prismarine":2,"minecraft:iron_pickaxe":25,"minecraft:stone_axe":33,"betteranimalsplus:eel_meat_raw":19,"minecraft:cobblestone":1,"minecraft:potion":4,"minecraft:porkchop":3},"minecraft:broken":{"minecraft:chainmail_chestplate":1},"minecraft:mined":{"minecraft:dark_oak_planks":1,"minecraft:dark_prismarine":2,"minecraft:spruce_planks":2,"minecraft:brewing_stand":1,"minecraft:spruce_leaves":4,"minecraft:spawner":14,"minecraft:large_fern":1,"minecraft:spruce_sapling":1,"minecraft:furnace":1,"minecraft:iron_ore":6,"minecraft:bookshelf":6,"minecraft:iron_bars":11,"minecraft:spruce_wood":6,"minecraft:stone":35,"byg:white_puffball":3,"minecraft:brown_mushroom":2,"minecraft:crafting_table":5,"minecraft:torch":2,"croptopia:raspberry_crop":3,"minecraft:wall_torch":3,"minecraft:lime_bed":1,"minecraft:sweet_berry_bush":7,"minecraft:spruce_log":13,"minecraft:grass":5,"minecraft:coal_ore":12,"minecraft:smooth_quartz":6,"minecraft:cracked_stone_bricks":1,"minecraft:stone_bricks":7,"minecraft:oak_leaves":4,"minecraft:fern":4},"minecraft:killed":{"minecraft:cave_spider":6,"minecraft:spider":7,"minecraft:skeleton":7,"minecraft:fox":1,"rottencreatures:undead_miner":2,"minecraft:pig":3,"minecraft:salmon":3,"untamedwilds:newt":1,"betteranimalsplus:eel_freshwater":2,"minecraft:zombie":9,"minecraft:stray":1},"minecraft:picked_up":{"minecraft:crafting_table":5,"betteranimalsplus:calamari_raw":3,"minecraft:brown_mushroom":6,"croptopia:calamari":4,"minecraft:brewing_stand":1,"minecraft:music_disc_cat":1,"minecraft:string":10,"minecraft:cracked_stone_bricks":4,"minecraft:gold_nugget":7,"minecraft:spruce_planks":58,"justenoughdrugz:weed_seed":1,"minecraft:smooth_quartz":6,"minecraft:furnace":1,"minecraft:raw_iron":8,"minecraft:stick":1,"minecraft:torch":17,"minecraft:bowl":3,"minecraft:spruce_stairs":3,"minecraft:porkchop":3,"tombstone:grave_dust":2,"minecraft:golden_chestplate":1,"minecraft:arrow":9,"minecraft:rotten_flesh":12,"croptopia:raspberry_seed":4,"byg:white_puffball_spores":3,"minecraft:iron_bars":11,"minecraft:cobblestone":36,"minecraft:lime_bed":1,"minecraft:salmon":2,"minecraft:red_mushroom":1,"byg:white_puffball_cap":2,"minecraft:chainmail_chestplate":1,"minecraft:gunpowder":1,"minecraft:wooden_hoe":1,"minecraft:leather_boots":1,"minecraft:bone":17,"minecraft:stone_bricks":8,"minecraft:wheat_seeds":2,"minecraft:raw_gold":1,"minecraft:spruce_wood":6,"minecraft:iron_ingot":2,"croptopia:raspberry":3,"minecraft:glass_bottle":1,"croptopia:roe":1,"duckling:duck_egg":5,"minecraft:book":18,"minecraft:sweet_berries":15,"minecraft:spruce_sapling":5,"minecraft:ink_sac":20,"minecraft:spruce_log":17,"minecraft:fermented_spider_eye":1,"minecraft:spider_eye":7,"minecraft:dark_prismarine":2,"betteranimalsplus:eel_meat_raw":19,"minecraft:chainmail_helmet":1,"minecraft:coal":18,"minecraft:ender_pearl":1},"minecraft:dropped":{"byg:biomepedia":1,"minecraft:enchanted_book":1,"minecraft:brown_mushroom":6,"minecraft:wheat_seeds":1,"minecraft:glass_bottle":3,"minecraft:cracked_stone_bricks":3,"minecraft:spruce_stairs":3,"minecraft:chainmail_helmet":1,"minecraft:red_mushroom":1,"minecraft:stick":3,"byg:white_puffball_spores":3,"mca:book_romance":1,"minecraft:ink_sac":20,"minecraft:wooden_hoe":1,"minecraft:wooden_axe":1,"tombstone:grave_dust":3,"minecraft:gold_nugget":7,"minecraft:fermented_spider_eye":1,"duckling:duck_egg":5,"minecraft:music_disc_cat":1,"minecraft:spruce_sapling":5,"minecraft:bone":5,"minecraft:stone_axe":1,"alexsmobs:animal_dictionary":1,"minecraft:stone_sword":1,"minecraft:bowl":3,"justenoughdrugz:weed_seed":1,"minecraft:rotten_flesh":9,"croptopia:raspberry_seed":2,"evilcraft:flesh_humanoid":2,"patchouli:guide_book":1,"minecraft:gunpowder":1,"minecraft:spider_eye":5,"minecraft:iron_bars":4,"minecraft:arrow":9,"minecraft:wooden_pickaxe":1},"minecraft:crafted":{"minecraft:flint_and_steel":1,"minecraft:iron_axe":1,"minecraft:stone_pickaxe":1,"minecraft:chest":2,"minecraft:crafting_table":1,"minecraft:spruce_planks":92,"minecraft:wooden_pickaxe":1,"minecraft:iron_sword":1,"minecraft:stone_axe":1,"minecraft:shield":1,"minecraft:stick":8,"minecraft:wooden_axe":1,"minecraft:stone_sword":1}},"DataVersion":3120}