{"stats":{"minecraft:killed_by":{"betteranimalsplus:blackbear":1,"minecraft:skeleton":2,"minecraft:zombie":3,"cave_dweller:cave_dweller":1},"minecraft:custom":{"minecraft:mob_kills":90,"minecraft:interact_with_crafting_table":10,"minecraft:open_barrel":5,"minecraft:damage_dealt_resisted":46,"minecraft:eat_cake_slice":7,"minecraft:leave_game":1,"minecraft:time_since_death":4516,"minecraft:climb_one_cm":2974,"minecraft:sprint_one_cm":492307,"minecraft:walk_one_cm":431521,"minecraft:damage_blocked_by_shield":4605,"minecraft:drop":80,"minecraft:play_time":106148,"minecraft:deaths":7,"minecraft:sneak_time":2170,"minecraft:walk_under_water_one_cm":5047,"minecraft:jump":862,"minecraft:walk_on_water_one_cm":7465,"minecraft:total_world_time":106148,"minecraft:interact_with_furnace":2,"tombstone:raider_killed":1,"minecraft:time_since_rest":4538,"minecraft:damage_taken":4133,"minecraft:damage_dealt":16104,"minecraft:swim_one_cm":3584,"minecraft:fly_one_cm":160984,"minecraft:open_chest":128,"minecraft:crouch_one_cm":6600,"tombstone:undead_killed":55,"minecraft:fall_one_cm":15631},"minecraft:used":{"minecraft:moss_carpet":1,"minecraft:iron_bars":9,"minecraft:stone_sword":125,"croptopia:calamari":4,"minecraft:chest":3,"minecraft:spruce_planks":3,"minecraft:shield":73,"minecraft:stone":2,"minecraft:iron_sword":271,"minecraft:rotten_flesh":2,"minecraft:netherrack":1,"minecraft:torch":93,"minecraft:brewing_stand":2,"minecraft:dirt":4,"minecraft:nether_bricks":3,"minecraft:carrot":20,"croptopia:raspberry":3,"betteranimalsplus:calamari_raw":3,"minecraft:wooden_axe":1,"minecraft:iron_axe":75,"minecraft:smooth_quartz":6,"minecraft:stone_bricks":74,"minecraft:sweet_berries":15,"minecraft:furnace":1,"croptopia:roe":1,"tombstone:gift":6,"minecraft:cooked_beef":6,"minecraft:baked_potato":14,"minecraft:stone_pickaxe":49,"minecraft:wooden_pickaxe":26,"minecraft:cracked_stone_bricks":1,"minecraft:salmon":2,"minecraft:glow_berries":2,"minecraft:lime_bed":1,"minecraft:crafting_table":6,"byg:white_puffball_cap":2,"minecraft:dark_prismarine":2,"minecraft:dark_oak_log":4,"minecraft:cyan_bed":2,"minecraft:iron_pickaxe":184,"minecraft:stone_axe":33,"betteranimalsplus:eel_meat_raw":19,"minecraft:nether_wart_block":2,"minecraft:coal_block":4,"minecraft:cobblestone":4,"minecraft:potion":13,"minecraft:porkchop":3},"minecraft:broken":{"minecraft:shield":1,"minecraft:chainmail_chestplate":1,"minecraft:iron_sword":1},"minecraft:mined":{"minecraft:dark_oak_planks":1,"minecraft:dark_prismarine":2,"minecraft:spruce_planks":5,"minecraft:mossy_cobblestone":13,"minecraft:brewing_stand":1,"minecraft:nether_bricks":3,"minecraft:cave_vines_plant":3,"minecraft:coal_block":25,"minecraft:spruce_leaves":4,"minecraft:spawner":50,"minecraft:large_fern":1,"minecraft:spruce_sapling":1,"minecraft:furnace":1,"minecraft:mossy_cobblestone_stairs":7,"minecraft:iron_ore":16,"minecraft:nether_brick_stairs":1,"minecraft:mossy_stone_brick_stairs":10,"minecraft:bookshelf":8,"minecraft:cave_vines":1,"minecraft:vine":13,"minecraft:iron_bars":18,"minecraft:spruce_wood":6,"minecraft:stone":35,"byg:white_puffball":3,"minecraft:smithing_table":1,"minecraft:brown_mushroom":2,"minecraft:quartz_block":10,"minecraft:crafting_table":5,"minecraft:torch":19,"croptopia:raspberry_crop":3,"minecraft:tall_grass":2,"minecraft:cyan_bed":3,"minecraft:wall_torch":8,"supplementaries:urn":2,"minecraft:lime_bed":1,"minecraft:sweet_berry_bush":7,"minecraft:spruce_log":13,"minecraft:stone_brick_stairs":6,"minecraft:grass":5,"minecraft:coal_ore":12,"minecraft:smooth_quartz":6,"minecraft:cracked_stone_bricks":5,"minecraft:stone_bricks":12,"minecraft:netherrack":1,"minecraft:mossy_stone_bricks":5,"minecraft:oak_leaves":4,"minecraft:deepslate":1,"minecraft:fern":4},"minecraft:killed":{"minecraft:cave_spider":8,"minecraft:witch":1,"minecraft:spider":9,"minecraft:skeleton":15,"minecraft:fox":1,"rottencreatures:undead_miner":3,"minecraft:pig":3,"minecraft:salmon":3,"untamedwilds:newt":1,"minecraft:creeper":2,"betteranimalsplus:eel_freshwater":2,"kevin_trophy:blister_zombie":1,"minecraft:zombie":28,"alexsmobs:cockroach":1,"minecraft:stray":8,"minecraft:enderman":1},"minecraft:picked_up":{"minecraft:crafting_table":5,"betteranimalsplus:calamari_raw":3,"minecraft:smithing_table":1,"minecraft:brown_mushroom":6,"minecraft:potion":1,"minecraft:enchanted_book":1,"croptopia:calamari":4,"minecraft:stone_brick_stairs":2,"minecraft:brewing_stand":2,"minecraft:shield":1,"minecraft:music_disc_cat":1,"minecraft:string":24,"minecraft:moss_carpet":1,"minecraft:cracked_stone_bricks":13,"minecraft:cobbled_deepslate":1,"minecraft:gold_nugget":7,"minecraft:spruce_planks":109,"justenoughdrugz:weed_seed":7,"minecraft:smooth_quartz":6,"minecraft:coal_block":24,"minecraft:furnace":1,"minecraft:iron_boots":1,"minecraft:tipped_arrow":3,"minecraft:stick":1,"minecraft:raw_iron":46,"minecraft:stone":2,"minecraft:torch":42,"minecraft:bowl":3,"minecraft:spruce_stairs":3,"minecraft:porkchop":3,"tombstone:grave_dust":7,"minecraft:redstone":2,"minecraft:golden_chestplate":1,"minecraft:tnt":3,"minecraft:quartz_block":6,"minecraft:arrow":29,"minecraft:rotten_flesh":17,"minecraft:nether_bricks":3,"croptopia:raspberry_seed":4,"minecraft:glow_berries":3,"byg:white_puffball_spores":3,"minecraft:iron_bars":18,"minecraft:cobblestone":39,"minecraft:lime_bed":1,"minecraft:salmon":2,"minecraft:smoker":2,"minecraft:red_mushroom":1,"minecraft:flint":1,"minecraft:tuff":1,"minecraft:chainmail_chestplate":1,"byg:white_puffball_cap":2,"minecraft:golden_boots":1,"minecraft:nether_wart_block":2,"minecraft:gunpowder":3,"minecraft:cobblestone_stairs":1,"minecraft:wooden_hoe":1,"minecraft:dirt":15,"minecraft:name_tag":2,"minecraft:leather_boots":1,"minecraft:bone":39,"minecraft:apple":4,"minecraft:stone_bricks":24,"minecraft:wheat_seeds":2,"minecraft:raw_gold":1,"alexsmobs:cockroach_wing_fragment":1,"minecraft:spruce_wood":6,"minecraft:iron_ingot":2,"croptopia:raspberry":3,"minecraft:mossy_stone_bricks":2,"minecraft:flowering_azalea":1,"minecraft:glass_bottle":2,"minecraft:moss_block":9,"croptopia:roe":1,"minecraft:oak_planks":3,"minecraft:mossy_stone_brick_stairs":3,"duckling:duck_egg":5,"minecraft:book":24,"minecraft:sweet_berries":15,"minecraft:spruce_sapling":5,"minecraft:nether_brick_stairs":1,"minecraft:ink_sac":20,"minecraft:cyan_bed":3,"minecraft:spruce_log":17,"minecraft:fermented_spider_eye":2,"minecraft:dark_oak_log":4,"minecraft:barrel":2,"minecraft:spider_eye":7,"minecraft:bundle":1,"minecraft:mossy_cobblestone":9,"minecraft:dark_prismarine":2,"betteranimalsplus:eel_meat_raw":19,"minecraft:diamond_shovel":1,"minecraft:sugar":16,"tombstone:familiar_stone":2,"minecraft:mossy_cobblestone_stairs":3,"minecraft:chainmail_helmet":1,"minecraft:netherrack":1,"minecraft:coal":19,"minecraft:ender_pearl":1},"minecraft:dropped":{"byg:biomepedia":1,"minecraft:enchanted_book":1,"minecraft:moss_block":9,"minecraft:brown_mushroom":6,"minecraft:wheat_seeds":1,"minecraft:baked_potato":1,"minecraft:glass_bottle":6,"minecraft:mossy_stone_brick_stairs":1,"minecraft:cracked_stone_bricks":5,"minecraft:spruce_stairs":3,"minecraft:chainmail_helmet":1,"minecraft:coal":4,"minecraft:red_mushroom":1,"minecraft:stick":3,"byg:white_puffball_spores":3,"mca:book_romance":1,"minecraft:ink_sac":20,"minecraft:wooden_hoe":1,"minecraft:wooden_axe":1,"tombstone:grave_dust":6,"minecraft:gold_nugget":7,"minecraft:fermented_spider_eye":1,"duckling:duck_egg":5,"minecraft:music_disc_cat":1,"minecraft:spruce_sapling":5,"minecraft:bone":5,"minecraft:stone_axe":1,"minecraft:stone_sword":1,"alexsmobs:animal_dictionary":1,"minecraft:bowl":3,"justenoughdrugz:weed_seed":3,"minecraft:rotten_flesh":9,"croptopia:raspberry_seed":2,"minecraft:iron_boots":1,"evilcraft:flesh_humanoid":2,"patchouli:guide_book":1,"minecraft:gunpowder":1,"alexsmobs:cockroach_wing_fragment":1,"minecraft:stone_bricks":3,"minecraft:spider_eye":5,"minecraft:iron_bars":4,"minecraft:arrow":11,"minecraft:wooden_pickaxe":1},"minecraft:crafted":{"minecraft:flint_and_steel":1,"minecraft:iron_axe":1,"minecraft:stone_pickaxe":1,"minecraft:chest":3,"minecraft:crafting_table":1,"minecraft:spruce_planks":92,"minecraft:wooden_pickaxe":1,"minecraft:iron_sword":1,"minecraft:stone_axe":1,"minecraft:shield":1,"minecraft:stick":8,"minecraft:wooden_axe":1,"minecraft:stone_sword":1,"minecraft:torch":24}},"DataVersion":3120}