{"stats":{"minecraft:killed_by":{"betteranimalsplus:blackbear":1,"minecraft:skeleton":2,"minecraft:zombie":2},"minecraft:custom":{"minecraft:mob_kills":58,"minecraft:interact_with_crafting_table":8,"minecraft:open_barrel":1,"minecraft:eat_cake_slice":7,"minecraft:time_since_death":1280,"minecraft:climb_one_cm":762,"minecraft:sprint_one_cm":246953,"minecraft:walk_one_cm":276646,"minecraft:damage_blocked_by_shield":2235,"minecraft:drop":60,"minecraft:play_time":71336,"minecraft:deaths":5,"minecraft:sneak_time":1799,"minecraft:walk_under_water_one_cm":4232,"minecraft:jump":583,"minecraft:walk_on_water_one_cm":7053,"minecraft:total_world_time":71336,"minecraft:interact_with_furnace":1,"minecraft:time_since_rest":1296,"minecraft:damage_taken":2559,"minecraft:damage_dealt":9365,"minecraft:swim_one_cm":3584,"minecraft:fly_one_cm":106003,"minecraft:open_chest":67,"minecraft:crouch_one_cm":5506,"tombstone:undead_killed":29,"minecraft:fall_one_cm":8628},"minecraft:used":{"minecraft:iron_bars":5,"minecraft:stone_sword":125,"croptopia:calamari":4,"minecraft:chest":2,"minecraft:shield":37,"minecraft:stone":2,"minecraft:iron_sword":162,"minecraft:torch":55,"minecraft:brewing_stand":1,"minecraft:carrot":20,"croptopia:raspberry":3,"betteranimalsplus:calamari_raw":3,"minecraft:wooden_axe":1,"minecraft:iron_axe":3,"minecraft:smooth_quartz":6,"minecraft:stone_bricks":74,"minecraft:sweet_berries":15,"minecraft:furnace":1,"croptopia:roe":1,"tombstone:gift":4,"minecraft:cooked_beef":4,"minecraft:stone_pickaxe":49,"minecraft:baked_potato":3,"minecraft:wooden_pickaxe":26,"minecraft:cracked_stone_bricks":1,"minecraft:salmon":2,"minecraft:lime_bed":1,"minecraft:crafting_table":6,"byg:white_puffball_cap":2,"minecraft:dark_prismarine":2,"minecraft:iron_pickaxe":117,"minecraft:stone_axe":33,"betteranimalsplus:eel_meat_raw":19,"minecraft:cobblestone":1,"minecraft:potion":5,"minecraft:porkchop":3},"minecraft:broken":{"minecraft:chainmail_chestplate":1},"minecraft:mined":{"minecraft:dark_oak_planks":1,"minecraft:dark_prismarine":2,"minecraft:spruce_planks":2,"minecraft:mossy_cobblestone":12,"minecraft:brewing_stand":1,"minecraft:spruce_leaves":4,"minecraft:spawner":32,"minecraft:large_fern":1,"minecraft:spruce_sapling":1,"minecraft:furnace":1,"minecraft:mossy_cobblestone_stairs":5,"minecraft:iron_ore":14,"minecraft:mossy_stone_brick_stairs":9,"minecraft:bookshelf":6,"minecraft:vine":6,"minecraft:iron_bars":16,"minecraft:spruce_wood":6,"minecraft:stone":35,"byg:white_puffball":3,"minecraft:brown_mushroom":2,"minecraft:quartz_block":8,"minecraft:crafting_table":5,"minecraft:torch":2,"croptopia:raspberry_crop":3,"minecraft:wall_torch":6,"supplementaries:urn":2,"minecraft:lime_bed":1,"minecraft:sweet_berry_bush":7,"minecraft:spruce_log":13,"minecraft:stone_brick_stairs":6,"minecraft:grass":5,"minecraft:coal_ore":12,"minecraft:smooth_quartz":6,"minecraft:cracked_stone_bricks":4,"minecraft:stone_bricks":12,"minecraft:mossy_stone_bricks":4,"minecraft:oak_leaves":4,"minecraft:fern":4},"minecraft:killed":{"minecraft:cave_spider":8,"minecraft:spider":7,"minecraft:skeleton":10,"minecraft:fox":1,"rottencreatures:undead_miner":2,"minecraft:pig":3,"minecraft:salmon":3,"untamedwilds:newt":1,"betteranimalsplus:eel_freshwater":2,"alexsmobs:cockroach":1,"minecraft:zombie":15,"minecraft:stray":2},"minecraft:picked_up":{"minecraft:crafting_table":5,"betteranimalsplus:calamari_raw":3,"minecraft:brown_mushroom":6,"croptopia:calamari":4,"minecraft:stone_brick_stairs":2,"minecraft:brewing_stand":1,"minecraft:music_disc_cat":1,"minecraft:string":14,"minecraft:cracked_stone_bricks":11,"minecraft:gold_nugget":7,"minecraft:spruce_planks":58,"justenoughdrugz:weed_seed":3,"minecraft:smooth_quartz":6,"minecraft:iron_boots":1,"minecraft:furnace":1,"minecraft:raw_iron":20,"minecraft:stick":1,"minecraft:stone":2,"minecraft:torch":20,"minecraft:bowl":3,"minecraft:spruce_stairs":3,"minecraft:porkchop":3,"tombstone:grave_dust":2,"minecraft:golden_chestplate":1,"minecraft:quartz_block":6,"minecraft:arrow":15,"minecraft:rotten_flesh":13,"croptopia:raspberry_seed":4,"byg:white_puffball_spores":3,"minecraft:iron_bars":16,"minecraft:cobblestone":36,"minecraft:lime_bed":1,"minecraft:salmon":2,"minecraft:smoker":1,"minecraft:red_mushroom":1,"minecraft:flint":1,"byg:white_puffball_cap":2,"minecraft:chainmail_chestplate":1,"minecraft:gunpowder":1,"minecraft:cobblestone_stairs":1,"minecraft:wooden_hoe":1,"minecraft:leather_boots":1,"minecraft:bone":27,"minecraft:apple":4,"minecraft:stone_bricks":21,"alexsmobs:cockroach_wing_fragment":1,"minecraft:wheat_seeds":2,"minecraft:raw_gold":1,"minecraft:spruce_wood":6,"minecraft:iron_ingot":2,"croptopia:raspberry":3,"minecraft:mossy_stone_bricks":1,"minecraft:glass_bottle":1,"minecraft:moss_block":9,"croptopia:roe":1,"minecraft:oak_planks":3,"minecraft:mossy_stone_brick_stairs":1,"duckling:duck_egg":5,"minecraft:book":18,"minecraft:sweet_berries":15,"minecraft:spruce_sapling":5,"minecraft:ink_sac":20,"minecraft:spruce_log":17,"minecraft:fermented_spider_eye":1,"minecraft:barrel":2,"minecraft:spider_eye":7,"minecraft:mossy_cobblestone":9,"minecraft:dark_prismarine":2,"betteranimalsplus:eel_meat_raw":19,"minecraft:sugar":16,"tombstone:familiar_stone":1,"minecraft:mossy_cobblestone_stairs":3,"minecraft:chainmail_helmet":1,"minecraft:coal":18,"minecraft:ender_pearl":1},"minecraft:dropped":{"byg:biomepedia":1,"minecraft:enchanted_book":1,"minecraft:moss_block":9,"minecraft:brown_mushroom":6,"minecraft:wheat_seeds":1,"minecraft:glass_bottle":3,"minecraft:cracked_stone_bricks":3,"minecraft:spruce_stairs":3,"minecraft:chainmail_helmet":1,"minecraft:red_mushroom":1,"minecraft:stick":3,"byg:white_puffball_spores":3,"mca:book_romance":1,"minecraft:ink_sac":20,"minecraft:wooden_hoe":1,"minecraft:wooden_axe":1,"tombstone:grave_dust":3,"minecraft:gold_nugget":7,"minecraft:fermented_spider_eye":1,"duckling:duck_egg":5,"minecraft:music_disc_cat":1,"minecraft:spruce_sapling":5,"minecraft:bone":5,"minecraft:stone_axe":1,"alexsmobs:animal_dictionary":1,"minecraft:stone_sword":1,"minecraft:bowl":3,"justenoughdrugz:weed_seed":2,"minecraft:rotten_flesh":9,"croptopia:raspberry_seed":2,"minecraft:iron_boots":1,"evilcraft:flesh_humanoid":2,"patchouli:guide_book":1,"minecraft:gunpowder":1,"alexsmobs:cockroach_wing_fragment":1,"minecraft:spider_eye":5,"minecraft:iron_bars":4,"minecraft:arrow":9,"minecraft:wooden_pickaxe":1},"minecraft:crafted":{"minecraft:flint_and_steel":1,"minecraft:iron_axe":1,"minecraft:stone_pickaxe":1,"minecraft:chest":2,"minecraft:crafting_table":1,"minecraft:spruce_planks":92,"minecraft:wooden_pickaxe":1,"minecraft:iron_sword":1,"minecraft:stone_axe":1,"minecraft:shield":1,"minecraft:stick":8,"minecraft:wooden_axe":1,"minecraft:stone_sword":1}},"DataVersion":3120}