{
  "simplytools:recipes/simplytools/diamond_excavator": {
    "criteria": {
      "criterion1": "2024-08-01 18:37:40 +0000"
    },
    "done": true
  },
  "minecraft:recipes/decorations/smoker": {
    "criteria": {
      "has_furnace": "2024-08-01 19:02:55 +0000"
    },
    "done": true
  },
  "farmersdelight:recipes/farmersdelight/wheat_dough_from_eggs": {
    "criteria": {
      "has_wheat": "2024-08-01 19:00:15 +0000"
    },
    "done": true
  },
  "betteranimalsplus:boar_killed_player": {
    "criteria": {
      "boar_kill": "2024-08-01 19:39:50 +0000"
    },
    "done": true
  },
  "minecraft:recipes/redstone/lever": {
    "criteria": {
      "has_cobblestone": "2024-08-01 18:37:53 +0000"
    },
    "done": true
  },
  "croptopia:recipes/croptopia.croptopia/apricot_jam": {
    "criteria": {
      "has_apricot": "2024-08-01 18:48:54 +0000"
    },
    "done": true
  },
  "infernalexp:recipes/redstone/smooth_glowstone_button": {
    "criteria": {
      "has_smooth_glowstone": "2024-07-31 18:42:16 +0000"
    },
    "done": true
  },
  "minecraft:recipes/building_blocks/cobblestone_stairs_from_cobblestone_stonecutting": {
    "criteria": {
      "has_cobblestone": "2024-08-01 18:37:53 +0000"
    },
    "done": true
  },
  "minecraft:recipes/building_blocks/magenta_concrete_powder": {
    "criteria": {
      "has_sand": "2024-07-31 19:55:58 +0000"
    },
    "done": true
  },
  "infernalexp:recipes/food/cooked_hogchop_campfire": {
    "criteria": {
      "has_hogchop": "2024-07-31 18:42:16 +0000"
    },
    "done": true
  },
  "mcwtrpdoors:recipes/spruce/spruce_barn_trapdoor": {
    "criteria": {
      "has_logs": "2024-08-01 18:36:55 +0000"
    },
    "done": true
  },
  "croptopia:recipes/campfire_toast": {
    "criteria": {
      "has_bread": "2024-08-01 19:00:28 +0000"
    },
    "done": true
  },
  "minecraft:recipes/redstone/spruce_door": {
    "criteria": {
      "has_planks": "2024-08-01 18:37:30 +0000"
    },
    "done": true
  },
  "minecraft:recipes/misc/wheat": {
    "criteria": {
      "has_hay_block": "2024-08-01 18:59:05 +0000"
    },
    "done": true
  },
  "croptopia:recipes/fruit_smoothie": {
    "criteria": {
      "has_fruit": "2024-08-01 18:48:33 +0000"
    },
    "done": true
  },
  "create:recipes/create.base/crafting/materials/sand_paper": {
    "criteria": {
      "has_item": "2024-08-01 19:00:03 +0000"
    },
    "done": true
  },
  "minecraft:recipes/building_blocks/lime_concrete_powder": {
    "criteria": {
      "has_sand": "2024-07-31 19:55:58 +0000"
    },
    "done": true
  },
  "byg:recipes/byg.byg/jacaranda_chest_boat": {
    "criteria": {
      "has_boat": "2024-08-01 18:57:33 +0000"
    },
    "done": true
  },
  "minecraft:recipes/building_blocks/yellow_concrete_powder": {
    "criteria": {
      "has_sand": "2024-07-31 19:55:58 +0000"
    },
    "done": true
  },
  "minecraft:recipes/redstone/spruce_fence_gate": {
    "criteria": {
      "has_planks": "2024-08-01 18:37:30 +0000"
    },
    "done": true
  },
  "mcwbridges:recipes/rope_spruce_bridge": {
    "criteria": {
      "has_planks": "2024-08-01 18:37:30 +0000"
    },
    "done": true
  },
  "minecraft:recipes/combat/leather_helmet": {
    "criteria": {
      "has_leather": "2024-08-01 18:59:22 +0000"
    },
    "done": true
  },
  "minecraft:recipes/misc/pumpkin_seeds": {
    "criteria": {
      "has_pumpkin": "2024-08-01 19:04:48 +0000"
    },
    "done": true
  },
  "create:recipes/create.palettes/polished_cut_veridium_wall_from_stone_types_veridium_stonecutting": {
    "criteria": {
      "has_stone_types_veridium": "2024-08-01 19:08:12 +0000"
    },
    "done": true
  },
  "byg:recipes/byg.byg/maple_chest_boat": {
    "criteria": {
      "has_boat": "2024-08-01 18:57:33 +0000"
    },
    "done": true
  },
  "minecraft:recipes/decorations/crafting_table": {
    "criteria": {
      "has_planks": "2024-08-01 18:37:30 +0000"
    },
    "done": true
  },
  "minecraft:recipes/decorations/campfire": {
    "criteria": {
      "has_stick": "2024-08-01 18:37:40 +0000"
    },
    "done": true
  },
  "simplytools:recipes/simplytools/stone_excavator": {
    "criteria": {
      "criterion1": "2024-08-01 18:37:40 +0000"
    },
    "done": true
  },
  "minecraft:recipes/food/bread": {
    "criteria": {
      "has_wheat": "2024-08-01 19:00:15 +0000"
    },
    "done": true
  },
  "evilcraft:fart": {
    "criteria": {
      "criteria_0": "2024-07-31 18:45:12 +0000"
    },
    "done": true
  },
  "minecraft:recipes/decorations/ladder": {
    "criteria": {
      "has_stick": "2024-08-01 18:37:40 +0000"
    },
    "done": true
  },
  "infernalexp:recipes/food/blindsight_tounge_stew": {
    "criteria": {
      "has_tongue": "2024-07-31 18:42:16 +0000",
      "has_crimson_fungus": "2024-07-31 18:42:16 +0000",
      "has_warped_fungus": "2024-07-31 18:42:16 +0000",
      "has_bowl": "2024-07-31 18:42:16 +0000",
      "has_luminous_fungus": "2024-07-31 18:42:16 +0000"
    },
    "done": true
  },
  "farmersdelight:recipes/farmersdelight/pie_crust": {
    "criteria": {
      "has_wheat": "2024-08-01 19:00:15 +0000"
    },
    "done": true
  },
  "minecraft:recipes/decorations/chest": {
    "criteria": {
      "has_lots_of_items": "2024-08-01 18:37:53 +0000"
    },
    "done": true
  },
  "minecraft:recipes/building_blocks/brown_concrete_powder": {
    "criteria": {
      "has_sand": "2024-07-31 19:55:58 +0000"
    },
    "done": true
  },
  "minecraft:recipes/decorations/black_bed_from_white_bed": {
    "criteria": {
      "has_bed": "2024-07-31 20:02:25 +0000"
    },
    "done": true
  },
  "minecraft:recipes/transportation/mangrove_boat": {
    "criteria": {
      "in_water": "2024-07-31 18:44:08 +0000"
    },
    "done": true
  },
  "minecraft:recipes/redstone/spruce_button": {
    "criteria": {
      "has_planks": "2024-08-01 18:37:30 +0000"
    },
    "done": true
  },
  "minecraft:recipes/tools/wooden_shovel": {
    "criteria": {
      "has_stick": "2024-08-01 18:37:40 +0000"
    },
    "done": true
  },
  "mcwdoors:recipes/dark_oak": {
    "criteria": {
      "has_planks": "2024-07-31 18:42:16 +0000"
    },
    "done": true
  },
  "minecraft:recipes/decorations/torch": {
    "criteria": {
      "has_stone_pickaxe": "2024-08-01 18:38:24 +0000"
    },
    "done": true
  },
  "minecraft:recipes/combat/diamond_sword": {
    "criteria": {
      "has_diamond": "2024-08-01 19:15:50 +0000"
    },
    "done": true
  },
  "mcwtrpdoors:recipes/mangrove/mangrove_ranch_trapdoor": {
    "criteria": {
      "has_logs": "2024-08-01 18:36:55 +0000"
    },
    "done": true
  },
  "infinitybuttons:recipe/redstone/spruce_plank_secret_button": {
    "criteria": {
      "has_thing": "2024-08-01 18:37:30 +0000"
    },
    "done": true
  },
  "mcwroofs:recipes/grass": {
    "criteria": {
      "has_planks": "2024-08-01 18:37:44 +0000"
    },
    "done": true
  },
  "croptopia:recipes/croptopia.croptopia/cooked_calamari_from_smoking_calamari": {
    "criteria": {
      "has_calamari": "2024-08-01 18:44:07 +0000"
    },
    "done": true
  },
  "simplytools:recipes/simplytools/stone_excavator_head": {
    "criteria": {
      "criterion0": "2024-08-01 18:37:53 +0000"
    },
    "done": true
  },
  "byg:recipes/byg.byg/redwood_chest_boat": {
    "criteria": {
      "has_boat": "2024-08-01 18:57:33 +0000"
    },
    "done": true
  },
  "infernalexp:recipes/combat/blindsight_tongue_whip": {
    "criteria": {
      "has_molten_gold_cluster": "2024-07-31 18:42:16 +0000"
    },
    "done": true
  },
  "minecraft:recipes/misc/stick": {
    "criteria": {
      "has_planks": "2024-08-01 18:37:30 +0000"
    },
    "done": true
  },
  "mcwdoors:recipes/spruce": {
    "criteria": {
      "has_planks": "2024-07-31 18:42:16 +0000"
    },
    "done": true
  },
  "tombstone:adventure/cancel_ghostly_shape": {
    "criteria": {
      "coded_trigger": "2024-08-01 19:39:55 +0000"
    },
    "done": true
  },
  "mcwroofs:recipes/spruce": {
    "criteria": {
      "has_planks": "2024-08-01 18:36:55 +0000"
    },
    "done": true
  },
  "minecraft:recipes/transportation/spruce_boat": {
    "criteria": {
      "in_water": "2024-07-31 18:44:08 +0000"
    },
    "done": true
  },
  "mcwlights:recipes/tiki_torches": {
    "criteria": {
      "has_the_recipe": "2024-08-01 18:38:24 +0000"
    },
    "done": true
  },
  "minecraft:recipes/decorations/jukebox": {
    "criteria": {
      "has_diamond": "2024-08-01 19:15:50 +0000"
    },
    "done": true
  },
  "mcwdoors:recipes/oak": {
    "criteria": {
      "has_planks": "2024-07-31 18:42:16 +0000"
    },
    "done": true
  },
  "infernalexp:recipes/food/cooked_hogchop_smelting": {
    "criteria": {
      "has_hogchop": "2024-07-31 18:42:16 +0000"
    },
    "done": true
  },
  "minecraft:recipes/misc/firework_rocket_simple": {
    "criteria": {
      "has_gunpowder": "2024-08-01 18:53:28 +0000"
    },
    "done": true
  },
  "create:recipes/create.palettes/cut_veridium_brick_wall_from_stone_types_veridium_stonecutting": {
    "criteria": {
      "has_stone_types_veridium": "2024-08-01 19:08:12 +0000"
    },
    "done": true
  },
  "simplytools:recipes/simplytools/diamond_hammer": {
    "criteria": {
      "criterion1": "2024-08-01 18:37:40 +0000"
    },
    "done": true
  },
  "minecraft:recipes/misc/sugar_from_sugar_cane": {
    "criteria": {
      "has_sugar_cane": "2024-08-01 18:54:33 +0000"
    },
    "done": true
  },
  "farmersdelight:recipes/farmersdelight/sweet_berry_cookie": {
    "criteria": {
      "has_sweet_berries": "2024-08-01 18:54:21 +0000"
    },
    "done": true
  },
  "byg:recipes/byg.byg/witch_hazel_chest_boat": {
    "criteria": {
      "has_boat": "2024-08-01 18:57:33 +0000"
    },
    "done": true
  },
  "minecraft:husbandry/balanced_diet": {
    "criteria": {
      "sweet_berries": "2024-08-01 19:04:04 +0000",
      "bread": "2024-08-01 19:24:19 +0000",
      "salmon": "2024-08-01 18:43:46 +0000"
    },
    "done": false
  },
  "tombstone:recipes/from_grave_key": {
    "criteria": {
      "has_ingredient": "2024-08-01 18:31:13 +0000"
    },
    "done": true
  },
  "minecraft:recipes/tools/wooden_hoe": {
    "criteria": {
      "has_stick": "2024-08-01 18:37:40 +0000"
    },
    "done": true
  },
  "mcwdoors:recipes/jungle": {
    "criteria": {
      "has_planks": "2024-07-31 18:42:16 +0000"
    },
    "done": true
  },
  "decorative_blocks:recipes/decorative_blocks.general/lattice": {
    "criteria": {
      "has_stick": "2024-08-01 18:37:40 +0000"
    },
    "done": true
  },
  "minecraft:recipes/building_blocks/cobblestone_slab": {
    "criteria": {
      "has_cobblestone": "2024-08-01 18:37:53 +0000"
    },
    "done": true
  },
  "mcwdoors:recipes/acacia": {
    "criteria": {
      "has_planks": "2024-07-31 18:42:16 +0000"
    },
    "done": true
  },
  "croptopia:recipes/cheeseburger": {
    "criteria": {
      "has_bread": "2024-08-01 19:00:28 +0000"
    },
    "done": true
  },
  "minecraft:recipes/building_blocks/cobblestone_stairs": {
    "criteria": {
      "has_cobblestone": "2024-08-01 18:37:53 +0000"
    },
    "done": true
  },
  "byg:recipes/byg.byg/white_mangrove_chest_boat": {
    "criteria": {
      "has_boat": "2024-08-01 18:57:33 +0000"
    },
    "done": true
  },
  "byg:recipes/byg.byg/ebony_chest_boat": {
    "criteria": {
      "has_boat": "2024-08-01 18:57:33 +0000"
    },
    "done": true
  },
  "mcwtrpdoors:recipes/acacia/mangrove_bark_trapdoor": {
    "criteria": {
      "has_logs": "2024-08-01 18:36:55 +0000"
    },
    "done": true
  },
  "mcwtrpdoors:recipes/spruce/spruce_barred_trapdoor": {
    "criteria": {
      "has_logs": "2024-08-01 18:36:55 +0000"
    },
    "done": true
  },
  "minecraft:recipes/decorations/yellow_bed_from_white_bed": {
    "criteria": {
      "has_bed": "2024-07-31 20:02:25 +0000"
    },
    "done": true
  },
  "create:recipes/create.palettes/polished_cut_veridium_from_stone_types_veridium_stonecutting": {
    "criteria": {
      "has_stone_types_veridium": "2024-08-01 19:08:12 +0000"
    },
    "done": true
  },
  "simplytools:recipes/simplytools/iron_excavator": {
    "criteria": {
      "criterion1": "2024-08-01 18:37:40 +0000"
    },
    "done": true
  },
  "croptopia:recipes/flour": {
    "criteria": {
      "has_grain": "2024-08-01 19:00:15 +0000"
    },
    "done": true
  },
  "minecraft:recipes/transportation/jungle_chest_boat": {
    "criteria": {
      "has_boat": "2024-08-01 18:57:33 +0000"
    },
    "done": true
  },
  "farmersdelight:recipes/farmersdelight/grilled_salmon": {
    "criteria": {
      "has_salmon": "2024-08-01 18:43:27 +0000"
    },
    "done": true
  },
  "croptopia:recipes/buttered_toast": {
    "criteria": {
      "has_toast": "2024-08-01 19:04:28 +0000"
    },
    "done": true
  },
  "simplytools:recipes/simplytools/iron_hammer": {
    "criteria": {
      "criterion1": "2024-08-01 18:37:40 +0000"
    },
    "done": true
  },
  "tombstone:adventure/first_grave": {
    "criteria": {
      "coded_trigger": "2024-08-01 18:31:11 +0000"
    },
    "done": true
  },
  "byg:recipes/byg.byg/blue_enchanted_chest_boat": {
    "criteria": {
      "has_boat": "2024-08-01 18:57:33 +0000"
    },
    "done": true
  },
  "minecraft:recipes/building_blocks/light_blue_concrete_powder": {
    "criteria": {
      "has_sand": "2024-07-31 19:55:57 +0000"
    },
    "done": true
  },
  "minecraft:recipes/building_blocks/light_gray_concrete_powder": {
    "criteria": {
      "has_sand": "2024-07-31 19:55:58 +0000"
    },
    "done": true
  },
  "croptopia:recipes/croptopia.croptopia/fried_calamari": {
    "criteria": {
      "has_calamari": "2024-08-01 18:44:07 +0000"
    },
    "done": true
  },
  "minecraft:recipes/misc/brick": {
    "criteria": {
      "has_clay_ball": "2024-08-01 19:02:19 +0000"
    },
    "done": true
  },
  "minecraft:recipes/misc/leather_horse_armor": {
    "criteria": {
      "has_leather": "2024-08-01 18:59:22 +0000"
    },
    "done": true
  },
  "minecraft:recipes/building_blocks/hay_block": {
    "criteria": {
      "has_wheat": "2024-08-01 19:00:15 +0000"
    },
    "done": true
  },
  "minecraft:recipes/building_blocks/glass": {
    "criteria": {
      "has_sand": "2024-07-31 19:55:58 +0000"
    },
    "done": true
  },
  "minecraft:recipes/combat/leather_leggings": {
    "criteria": {
      "has_leather": "2024-08-01 18:59:22 +0000"
    },
    "done": true
  },
  "minecraft:recipes/building_blocks/pink_concrete_powder": {
    "criteria": {
      "has_sand": "2024-07-31 19:55:58 +0000"
    },
    "done": true
  },
  "minecraft:recipes/redstone/tnt": {
    "criteria": {
      "has_gunpowder": "2024-08-01 18:53:28 +0000"
    },
    "done": true
  },
  "mcwtrpdoors:recipes/bamboo/bamboo_ranch_trapdoor": {
    "criteria": {
      "has_logs": "2024-08-01 18:36:55 +0000"
    },
    "done": true
  },
  "minecraft:recipes/building_blocks/purple_concrete_powder": {
    "criteria": {
      "has_sand": "2024-07-31 19:55:58 +0000"
    },
    "done": true
  },
  "minecraft:recipes/decorations/magenta_bed_from_white_bed": {
    "criteria": {
      "has_bed": "2024-07-31 20:02:25 +0000"
    },
    "done": true
  },
  "infinitybuttons:root": {
    "criteria": {
      "show": "2024-07-31 18:42:16 +0000"
    },
    "done": true
  },
  "minecraft:recipes/decorations/orange_bed_from_white_bed": {
    "criteria": {
      "has_bed": "2024-07-31 20:02:25 +0000"
    },
    "done": true
  },
  "croptopia:recipes/croptopia.croptopia/persimmon_sapling": {
    "criteria": {
      "has_persimmon": "2024-08-01 18:48:33 +0000"
    },
    "done": true
  },
  "minecraft:recipes/transportation/acacia_chest_boat": {
    "criteria": {
      "has_boat": "2024-08-01 18:57:33 +0000"
    },
    "done": true
  },
  "minecraft:recipes/transportation/oak_chest_boat": {
    "criteria": {
      "has_boat": "2024-08-01 18:57:33 +0000"
    },
    "done": true
  },
  "minecraft:recipes/combat/diamond_chestplate": {
    "criteria": {
      "has_diamond": "2024-08-01 19:15:50 +0000"
    },
    "done": true
  },
  "minecraft:story/mine_stone": {
    "criteria": {
      "get_stone": "2024-08-01 18:37:53 +0000"
    },
    "done": true
  },
  "minecraft:recipes/redstone/target": {
    "criteria": {
      "has_hay_block": "2024-08-01 18:59:05 +0000"
    },
    "done": true
  },
  "minecraft:recipes/decorations/furnace": {
    "criteria": {
      "has_cobblestone": "2024-08-01 18:37:53 +0000"
    },
    "done": true
  },
  "iammusicplayer:iammusicplayer/root": {
    "criteria": {
      "iammusicplayer": "2024-08-01 19:06:32 +0000"
    },
    "done": true
  },
  "minecraft:recipes/combat/diamond_leggings": {
    "criteria": {
      "has_diamond": "2024-08-01 19:15:50 +0000"
    },
    "done": true
  },
  "croptopia:recipes/pork_and_beans": {
    "criteria": {
      "has_pork": "2024-08-01 19:40:07 +0000"
    },
    "done": true
  },
  "minecraft:recipes/building_blocks/sandstone": {
    "criteria": {
      "has_sand": "2024-07-31 19:55:58 +0000"
    },
    "done": true
  },
  "minecraft:recipes/misc/charcoal": {
    "criteria": {
      "has_log": "2024-08-01 18:36:55 +0000"
    },
    "done": true
  },
  "minecraft:adventure/sleep_in_bed": {
    "criteria": {
      "slept_in_bed": "2024-08-01 18:58:08 +0000"
    },
    "done": true
  },
  "minecraft:recipes/building_blocks/spruce_planks": {
    "criteria": {
      "has_logs": "2024-08-01 18:36:55 +0000"
    },
    "done": true
  },
  "infernalexp:recipes/food/cured_jerky": {
    "criteria": {
      "has_soul_salt_clump": "2024-07-31 18:42:16 +0000"
    },
    "done": true
  },
  "minecraft:recipes/tools/wooden_pickaxe": {
    "criteria": {
      "has_the_recipe": "2024-08-01 18:37:39 +0000"
    },
    "done": true
  },
  "minecraft:recipes/building_blocks/cobblestone_slab_from_cobblestone_stonecutting": {
    "criteria": {
      "has_cobblestone": "2024-08-01 18:37:53 +0000"
    },
    "done": true
  },
  "minecraft:husbandry/root": {
    "criteria": {
      "consumed_item": "2024-08-01 18:41:56 +0000"
    },
    "done": true
  },
  "infernalexp:recipes/redstone/basalt_button": {
    "criteria": {
      "has_basalt": "2024-07-31 18:42:16 +0000"
    },
    "done": true
  },
  "minecraft:recipes/transportation/birch_boat": {
    "criteria": {
      "in_water": "2024-07-31 18:44:08 +0000"
    },
    "done": true
  },
  "securitycraft:recipes/securitycraft/sonic_security_system": {
    "criteria": {
      "has_stick": "2024-08-01 18:37:40 +0000"
    },
    "done": true
  },
  "create:recipes/create.palettes/veridium_pillar_from_stone_types_veridium_stonecutting": {
    "criteria": {
      "has_stone_types_veridium": "2024-08-01 19:08:12 +0000"
    },
    "done": true
  },
  "minecraft:recipes/building_blocks/green_concrete_powder": {
    "criteria": {
      "has_sand": "2024-07-31 19:55:58 +0000"
    },
    "done": true
  },
  "mcwtrpdoors:recipes/spruce/spruce_ranch_trapdoor": {
    "criteria": {
      "has_logs": "2024-08-01 18:36:55 +0000"
    },
    "done": true
  },
  "mcwtrpdoors:recipes/spruce/spruce_four_panel_trapdoor": {
    "criteria": {
      "has_logs": "2024-08-01 18:36:55 +0000"
    },
    "done": true
  },
  "minecraft:recipes/transportation/acacia_boat": {
    "criteria": {
      "in_water": "2024-07-31 18:44:08 +0000"
    },
    "done": true
  },
  "decorative_blocks:recipes/decorative_blocks.general/spruce_palisade": {
    "criteria": {
      "has_log": "2024-08-01 18:36:55 +0000"
    },
    "done": true
  },
  "farmersdelight:recipes/farmersdelight/cutting_board": {
    "criteria": {
      "has_stick": "2024-08-01 18:37:40 +0000"
    },
    "done": true
  },
  "botania:recipes/botania/red_string_container": {
    "criteria": {
      "has_base_block": "2024-08-01 19:40:48 +0000"
    },
    "done": true
  },
  "minecraft:recipes/decorations/cyan_bed_from_white_bed": {
    "criteria": {
      "has_bed": "2024-07-31 20:02:25 +0000"
    },
    "done": true
  },
  "minecraft:adventure/root": {
    "criteria": {
      "killed_something": "2024-08-01 18:44:07 +0000"
    },
    "done": true
  },
  "croptopia:gather_food": {
    "criteria": {
      "toast": "2024-08-01 19:04:28 +0000",
      "calamari": "2024-08-01 18:44:07 +0000"
    },
    "done": false
  },
  "minecraft:recipes/transportation/dark_oak_chest_boat": {
    "criteria": {
      "has_boat": "2024-08-01 18:57:33 +0000"
    },
    "done": true
  },
  "infernalexp:recipes/redstone/soul_slate_button": {
    "criteria": {
      "has_soul_slate": "2024-07-31 18:42:16 +0000"
    },
    "done": true
  },
  "infinitybuttons:recipe/redstone/diamond_button": {
    "criteria": {
      "has_thing": "2024-08-01 19:15:50 +0000"
    },
    "done": true
  },
  "evilcraft:cannibal": {
    "criteria": {
      "criteria_0": "2024-08-01 18:41:56 +0000"
    },
    "done": true
  },
  "minecraft:recipes/food/cooked_salmon_from_campfire_cooking": {
    "criteria": {
      "has_salmon": "2024-08-01 18:43:27 +0000"
    },
    "done": true
  },
  "croptopia:recipes/pork_jerky": {
    "criteria": {
      "has_pork": "2024-08-01 19:40:07 +0000"
    },
    "done": true
  },
  "byg:recipes/byg.byg/fir_chest_boat": {
    "criteria": {
      "has_boat": "2024-08-01 18:57:33 +0000"
    },
    "done": true
  },
  "minecraft:recipes/decorations/gray_bed_from_white_bed": {
    "criteria": {
      "has_bed": "2024-07-31 20:02:25 +0000"
    },
    "done": true
  },
  "minecraft:recipes/building_blocks/white_concrete_powder": {
    "criteria": {
      "has_sand": "2024-07-31 19:55:58 +0000"
    },
    "done": true
  },
  "farmersdelight:main/root": {
    "criteria": {
      "seeds": "2024-07-31 18:42:16 +0000"
    },
    "done": true
  },
  "minecraft:recipes/decorations/item_frame": {
    "criteria": {
      "has_leather": "2024-08-01 18:59:22 +0000"
    },
    "done": true
  },
  "croptopia:recipes/cucumber_salad": {
    "criteria": {
      "has_lettuce": "2024-08-01 19:12:44 +0000",
      "has_the_recipe": "2024-08-01 19:12:44 +0000"
    },
    "done": true
  },
  "minecraft:recipes/decorations/lime_bed_from_white_bed": {
    "criteria": {
      "has_bed": "2024-07-31 20:02:25 +0000"
    },
    "done": true
  },
  "croptopia:recipes/croptopia.croptopia/pumpkin_bars": {
    "criteria": {
      "has_pumpkin": "2024-08-01 19:04:48 +0000"
    },
    "done": true
  },
  "minecraft:recipes/tools/stone_hoe": {
    "criteria": {
      "has_cobblestone": "2024-08-01 18:37:53 +0000"
    },
    "done": true
  },
  "croptopia:recipes/carnitas": {
    "criteria": {
      "has_porkchop": "2024-08-01 19:40:07 +0000"
    },
    "done": true
  },
  "mcwtrpdoors:recipes/spruce/spruce_swamp_trapdoor": {
    "criteria": {
      "has_logs": "2024-08-01 18:36:55 +0000"
    },
    "done": true
  },
  "minecraft:recipes/decorations/spruce_fence": {
    "criteria": {
      "has_planks": "2024-08-01 18:37:30 +0000"
    },
    "done": true
  },
  "minecraft:recipes/tools/diamond_pickaxe": {
    "criteria": {
      "has_diamond": "2024-08-01 19:15:50 +0000"
    },
    "done": true
  },
  "minecraft:recipes/tools/diamond_hoe": {
    "criteria": {
      "has_diamond": "2024-08-01 19:15:50 +0000"
    },
    "done": true
  },
  "simplytools:recipes/simplytools/stone_hammer_head": {
    "criteria": {
      "criterion0": "2024-08-01 18:37:53 +0000"
    },
    "done": true
  },
  "minecraft:adventure/kill_all_mobs": {
    "criteria": {
      "minecraft:creeper": "2024-08-01 18:53:28 +0000",
      "minecraft:zombie": "2024-08-01 19:16:35 +0000"
    },
    "done": false
  },
  "minecraft:recipes/tools/diamond_shovel": {
    "criteria": {
      "has_diamond": "2024-08-01 19:15:50 +0000"
    },
    "done": true
  },
  "minecraft:recipes/decorations/green_bed_from_white_bed": {
    "criteria": {
      "has_bed": "2024-07-31 20:02:25 +0000"
    },
    "done": true
  },
  "mcwtrpdoors:recipes/spruce/spruce_tropical_trapdoor": {
    "criteria": {
      "has_logs": "2024-08-01 18:36:55 +0000"
    },
    "done": true
  },
  "simplytools:recipes/simplytools/wooden_excavator_head": {
    "criteria": {
      "criterion0": "2024-08-01 18:37:30 +0000"
    },
    "done": true
  },
  "infinitybuttons:recipe/redstone/torch_lever": {
    "criteria": {
      "has_thing": "2024-08-01 18:38:24 +0000"
    },
    "done": true
  },
  "mcwdoors:recipes/metal": {
    "criteria": {
      "has_planks": "2024-07-31 18:42:16 +0000"
    },
    "done": true
  },
  "create:recipes/create.base/crafting/schematics/empty_schematic": {
    "criteria": {
      "has_item": "2024-08-01 19:00:03 +0000"
    },
    "done": true
  },
  "farmersdelight:recipes/farmersdelight/wheat_dough_from_water": {
    "criteria": {
      "has_wheat": "2024-08-01 19:00:15 +0000"
    },
    "done": true
  },
  "byg:recipes/byg.byg/mahogany_chest_boat": {
    "criteria": {
      "has_boat": "2024-08-01 18:57:33 +0000"
    },
    "done": true
  },
  "croptopia:recipes/caesar_salad": {
    "criteria": {
      "has_lettuce": "2024-08-01 19:12:44 +0000"
    },
    "done": true
  },
  "iammusicplayer:recipes/iammusicplayer.iammusicplayer/music_manager": {
    "criteria": {
      "has_diamond": "2024-08-01 19:15:50 +0000"
    },
    "done": true
  },
  "minecraft:recipes/decorations/pink_bed_from_white_bed": {
    "criteria": {
      "has_bed": "2024-07-31 20:02:25 +0000"
    },
    "done": true
  },
  "botania:recipes/botania/fel_pumpkin": {
    "criteria": {
      "has_item": "2024-08-01 19:04:48 +0000"
    },
    "done": true
  },
  "minecraft:recipes/building_blocks/spruce_stairs": {
    "criteria": {
      "has_planks": "2024-08-01 18:37:30 +0000"
    },
    "done": true
  },
  "mca:root": {
    "criteria": {
      "village_taiga": "2024-07-31 18:42:17 +0000",
      "village_savanna": "2024-07-31 18:42:17 +0000",
      "village_snowy": "2024-07-31 18:42:17 +0000",
      "village_desert": "2024-07-31 18:42:17 +0000",
      "village_plains": "2024-07-31 18:42:17 +0000"
    },
    "done": true
  },
  "decorative_blocks:recipes/decorative_blocks.general/spruce_support": {
    "criteria": {
      "has_plank": "2024-08-01 18:37:30 +0000"
    },
    "done": true
  },
  "minecraft:recipes/transportation/birch_chest_boat": {
    "criteria": {
      "has_boat": "2024-08-01 18:57:33 +0000"
    },
    "done": true
  },
  "create:root": {
    "criteria": {
      "0": "2024-07-31 18:42:16 +0000"
    },
    "done": true
  },
  "infinitybuttons:recipe/redstone/sand_large_button": {
    "criteria": {
      "has_thing": "2024-07-31 19:55:58 +0000"
    },
    "done": true
  },
  "croptopia:recipes/croptopia.croptopia/toast_from_bread": {
    "criteria": {
      "has_bread": "2024-08-01 19:00:28 +0000"
    },
    "done": true
  },
  "create:recipes/create.palettes/polished_cut_veridium_stairs_from_stone_types_veridium_stonecutting": {
    "criteria": {
      "has_stone_types_veridium": "2024-08-01 19:08:12 +0000"
    },
    "done": true
  },
  "orcz:orczchallenge": {
    "criteria": {
      "orczchallenge": "2024-07-31 18:42:16 +0000"
    },
    "done": true
  },
  "simplytools:recipes/simplytools/wooden_excavator": {
    "criteria": {
      "criterion1": "2024-08-01 18:37:40 +0000"
    },
    "done": true
  },
  "minecraft:story/mine_diamond": {
    "criteria": {
      "diamond": "2024-08-01 19:15:50 +0000"
    },
    "done": true
  },
  "minecraft:story/upgrade_tools": {
    "criteria": {
      "stone_pickaxe": "2024-08-01 18:38:24 +0000"
    },
    "done": true
  },
  "minecraft:recipes/combat/diamond_helmet": {
    "criteria": {
      "has_diamond": "2024-08-01 19:15:50 +0000"
    },
    "done": true
  },
  "byg:recipes/byg.byg/baobab_chest_boat": {
    "criteria": {
      "has_boat": "2024-08-01 18:57:33 +0000"
    },
    "done": true
  },
  "minecraft:recipes/transportation/oak_boat": {
    "criteria": {
      "in_water": "2024-07-31 18:44:08 +0000"
    },
    "done": true
  },
  "infinitybuttons:recipe/redstone/torch_button": {
    "criteria": {
      "has_thing": "2024-08-01 18:38:24 +0000"
    },
    "done": true
  },
  "simplytools:recipes/simplytools/diamond_hammer_head": {
    "criteria": {
      "criterion0": "2024-08-01 19:15:50 +0000"
    },
    "done": true
  },
  "infernalexp:recipes/redstone/soul_slate_pressure_plate": {
    "criteria": {
      "has_soul_slate": "2024-07-31 18:42:16 +0000"
    },
    "done": true
  },
  "minecraft:recipes/decorations/blue_bed_from_white_bed": {
    "criteria": {
      "has_bed": "2024-07-31 20:02:25 +0000"
    },
    "done": true
  },
  "minecraft:recipes/building_blocks/orange_concrete_powder": {
    "criteria": {
      "has_sand": "2024-07-31 19:55:58 +0000"
    },
    "done": true
  },
  "minecraft:recipes/food/cooked_porkchop": {
    "criteria": {
      "has_porkchop": "2024-08-01 19:40:07 +0000"
    },
    "done": true
  },
  "minecraft:recipes/building_blocks/cyan_concrete_powder": {
    "criteria": {
      "has_sand": "2024-07-31 19:55:58 +0000"
    },
    "done": true
  },
  "botania:recipes/botania/petal_light_blue_double": {
    "criteria": {
      "has_item": "2024-08-01 18:53:44 +0000"
    },
    "done": true
  },
  "byg:recipes/byg.byg/palm_chest_boat": {
    "criteria": {
      "has_boat": "2024-08-01 18:57:33 +0000"
    },
    "done": true
  },
  "farmersdelight:recipes/farmersdelight/cooking/stuffed_pumpkin_block": {
    "criteria": {
      "has_pumpkin": "2024-08-01 19:04:48 +0000"
    },
    "done": true
  },
  "byg:husbandry/forager": {
    "criteria": {
      "white_puffball_cap": "2024-08-01 18:48:26 +0000"
    },
    "done": true
  },
  "create:recipes/create.palettes/cut_veridium_brick_stairs_from_stone_types_veridium_stonecutting": {
    "criteria": {
      "has_stone_types_veridium": "2024-08-01 19:08:12 +0000"
    },
    "done": true
  },
  "mca:recipes/building_blocks/headstones": {
    "criteria": {
      "has_ingredients": "2024-08-01 18:37:53 +0000"
    },
    "done": true
  },
  "minecraft:recipes/food/cooked_porkchop_from_campfire_cooking": {
    "criteria": {
      "has_porkchop": "2024-08-01 19:40:07 +0000"
    },
    "done": true
  },
  "minecraft:recipes/tools/wooden_axe": {
    "criteria": {
      "has_stick": "2024-08-01 18:37:40 +0000"
    },
    "done": true
  },
  "minecraft:recipes/decorations/spruce_sign": {
    "criteria": {
      "has_planks": "2024-08-01 18:37:30 +0000"
    },
    "done": true
  },
  "minecraft:recipes/misc/paper": {
    "criteria": {
      "has_reeds": "2024-08-01 18:54:33 +0000"
    },
    "done": true
  },
  "create:recipes/create.palettes/cut_veridium_brick_slab_from_stone_types_veridium_stonecutting": {
    "criteria": {
      "has_stone_types_veridium": "2024-08-01 19:08:12 +0000"
    },
    "done": true
  },
  "infinitybuttons:recipe/redstone/diamond_large_button": {
    "criteria": {
      "has_thing": "2024-08-01 19:15:50 +0000"
    },
    "done": true
  },
  "minecraft:recipes/food/cooked_salmon_from_smoking": {
    "criteria": {
      "has_salmon": "2024-08-01 18:43:27 +0000"
    },
    "done": true
  },
  "mcwbridges:recipes/spruce_bridge_pier": {
    "criteria": {
      "has_planks": "2024-08-01 18:36:55 +0000"
    },
    "done": true
  },
  "minecraft:recipes/tools/diamond_axe": {
    "criteria": {
      "has_diamond": "2024-08-01 19:15:50 +0000"
    },
    "done": true
  },
  "byg:recipes/byg.byg/skyris_chest_boat": {
    "criteria": {
      "has_boat": "2024-08-01 18:57:33 +0000"
    },
    "done": true
  },
  "byg:recipes/byg.byg/zelkova_chest_boat": {
    "criteria": {
      "has_boat": "2024-08-01 18:57:33 +0000"
    },
    "done": true
  },
  "decorative_blocks:recipes/decorative_blocks.general/spruce_seat": {
    "criteria": {
      "has_plank": "2024-08-01 18:37:30 +0000"
    },
    "done": true
  },
  "aquamirae:adventure/root": {
    "criteria": {
      "crafting_table": "2024-08-01 18:37:31 +0000"
    },
    "done": true
  },
  "simplyswords:grant_book_on_first_join": {
    "criteria": {
      "tick": "2024-07-31 18:42:16 +0000"
    },
    "done": true
  },
  "croptopia:recipes/documentation": {
    "criteria": {
      "has_crop": "2024-08-01 18:48:33 +0000"
    },
    "done": true
  },
  "create:recipes/create.palettes/cut_veridium_from_stone_types_veridium_stonecutting": {
    "criteria": {
      "has_stone_types_veridium": "2024-08-01 19:08:12 +0000"
    },
    "done": true
  },
  "create:recipes/create.base/crafting/schematics/schematic_and_quill": {
    "criteria": {
      "has_item": "2024-08-01 19:00:03 +0000"
    },
    "done": true
  },
  "decorative_blocks:recipes/decorative_blocks.general/rocky_dirt": {
    "criteria": {
      "has_dirt": "2024-08-01 18:37:44 +0000"
    },
    "done": true
  },
  "mca:recipes/misc/books": {
    "criteria": {
      "has_item": "2024-08-01 19:00:03 +0000"
    },
    "done": true
  },
  "mcwroofs:recipes/cobblestone": {
    "criteria": {
      "has_planks": "2024-08-01 18:37:53 +0000"
    },
    "done": true
  },
  "botania:main/flower_pickup": {
    "criteria": {
      "double_flower": "2024-08-01 18:53:44 +0000"
    },
    "done": true
  },
  "simplytools:recipes/simplytools/paper_compress": {
    "criteria": {
      "has_item": "2024-08-01 19:00:03 +0000"
    },
    "done": true
  },
  "securitycraft:recipes/securitycraft/sc_manual": {
    "criteria": {
      "has_wood": "2024-08-01 18:36:55 +0000"
    },
    "done": true
  },
  "create:recipes/create.palettes/veridium_from_stone_types_veridium_stonecutting": {
    "criteria": {
      "has_stone_types_veridium": "2024-08-01 19:08:12 +0000"
    },
    "done": true
  },
  "mcwfurnitures:recipes/spruce": {
    "criteria": {
      "has_wood": "2024-08-01 18:36:55 +0000"
    },
    "done": true
  },
  "minecraft:recipes/building_blocks/spruce_wood": {
    "criteria": {
      "has_log": "2024-08-01 18:36:55 +0000"
    },
    "done": true
  },
  "minecraft:recipes/misc/yellow_dye_from_dandelion": {
    "criteria": {
      "has_dandelion": "2024-08-01 19:00:01 +0000"
    },
    "done": true
  },
  "minecraft:recipes/building_blocks/clay": {
    "criteria": {
      "has_clay_ball": "2024-08-01 19:02:19 +0000"
    },
    "done": true
  },
  "create:recipes/create.base/crafting/materials/red_sand_paper": {
    "criteria": {
      "has_item": "2024-08-01 19:00:03 +0000"
    },
    "done": true
  },
  "simplytools:recipes/simplytools/netherite_hammer": {
    "criteria": {
      "criterion1": "2024-08-01 18:37:40 +0000"
    },
    "done": true
  },
  "simplytools:recipes/simplytools/golden_excavator": {
    "criteria": {
      "criterion1": "2024-08-01 18:37:40 +0000"
    },
    "done": true
  },
  "minecraft:recipes/combat/wooden_sword": {
    "criteria": {
      "has_stick": "2024-08-01 18:37:40 +0000"
    },
    "done": true
  },
  "minecraft:recipes/tools/stone_shovel": {
    "criteria": {
      "has_cobblestone": "2024-08-01 18:37:53 +0000"
    },
    "done": true
  },
  "croptopia:recipes/leafy_salad": {
    "criteria": {
      "has_lettuce": "2024-08-01 19:12:44 +0000"
    },
    "done": true
  },
  "minecraft:recipes/building_blocks/blue_concrete_powder": {
    "criteria": {
      "has_sand": "2024-07-31 19:55:58 +0000"
    },
    "done": true
  },
  "farmersdelight:recipes/farmersdelight/cooking/bone_broth": {
    "criteria": {
      "has_bone": "2024-08-01 19:26:27 +0000"
    },
    "done": true
  },
  "minecraft:recipes/building_blocks/gray_concrete_powder": {
    "criteria": {
      "has_sand": "2024-07-31 19:55:58 +0000"
    },
    "done": true
  },
  "mcwtrpdoors:recipes/spruce/spruce_beach_trapdoor": {
    "criteria": {
      "has_logs": "2024-08-01 18:36:55 +0000"
    },
    "done": true
  },
  "tombstone:adventure/root": {
    "criteria": {
      "auto": "2024-07-31 18:42:17 +0000"
    },
    "done": true
  },
  "minecraft:recipes/building_blocks/spruce_slab": {
    "criteria": {
      "has_planks": "2024-08-01 18:37:30 +0000"
    },
    "done": true
  },
  "create:recipes/create.palettes/polished_cut_veridium_slab_from_stone_types_veridium_stonecutting": {
    "criteria": {
      "has_stone_types_veridium": "2024-08-01 19:08:12 +0000"
    },
    "done": true
  },
  "byg:recipes/byg.byg/aspen_chest_boat": {
    "criteria": {
      "has_boat": "2024-08-01 18:57:33 +0000"
    },
    "done": true
  },
  "securitycraft:recipes/securitycraft/reinforced_andesite": {
    "criteria": {
      "has_cobblestone": "2024-08-01 18:37:53 +0000"
    },
    "done": true
  },
  "simplytools:recipes/simplytools/wooden_hammer": {
    "criteria": {
      "criterion1": "2024-08-01 18:37:40 +0000"
    },
    "done": true
  },
  "simplytools:recipes/simplytools/stone_hammer": {
    "criteria": {
      "criterion1": "2024-08-01 18:37:40 +0000"
    },
    "done": true
  },
  "croptopia:recipes/croptopia.croptopia/toast_from_smoking_bread": {
    "criteria": {
      "has_bread": "2024-08-01 19:00:28 +0000"
    },
    "done": true
  },
  "byg:recipes/byg.byg/cypress_chest_boat": {
    "criteria": {
      "has_boat": "2024-08-01 18:57:33 +0000"
    },
    "done": true
  },
  "minecraft:recipes/transportation/mangrove_chest_boat": {
    "criteria": {
      "has_boat": "2024-08-01 18:57:33 +0000"
    },
    "done": true
  },
  "croptopia:recipes/shaped_bacon": {
    "criteria": {
      "has_porkchop": "2024-08-01 19:40:07 +0000"
    },
    "done": true
  },
  "byg:recipes/byg.byg/cika_chest_boat": {
    "criteria": {
      "has_boat": "2024-08-01 18:57:33 +0000"
    },
    "done": true
  },
  "byg:recipes/byg.byg/rainbow_eucalyptus_chest_boat": {
    "criteria": {
      "has_boat": "2024-08-01 18:57:33 +0000"
    },
    "done": true
  },
  "byg:recipes/byg.byg/willow_chest_boat": {
    "criteria": {
      "has_boat": "2024-08-01 18:57:33 +0000"
    },
    "done": true
  },
  "croptopia:recipes/croptopia.croptopia/molasses_from_smoking_sugar_cane": {
    "criteria": {
      "has_sugar_cane": "2024-08-01 18:54:33 +0000"
    },
    "done": true
  },
  "minecraft:recipes/misc/bone_meal": {
    "criteria": {
      "has_bone": "2024-08-01 19:26:27 +0000"
    },
    "done": true
  },
  "create:recipes/create.palettes/small_veridium_bricks_from_stone_types_veridium_stonecutting": {
    "criteria": {
      "has_stone_types_veridium": "2024-08-01 19:08:12 +0000"
    },
    "done": true
  },
  "minecraft:recipes/building_blocks/black_concrete_powder": {
    "criteria": {
      "has_sand": "2024-07-31 19:55:58 +0000"
    },
    "done": true
  },
  "mcwtrpdoors:recipes/spruce/spruce_classic_trapdoor": {
    "criteria": {
      "has_logs": "2024-08-01 18:36:55 +0000"
    },
    "done": true
  },
  "mca:recipes/misc/bouquet": {
    "criteria": {
      "has_item": "2024-08-01 19:00:01 +0000"
    },
    "done": true
  },
  "infernalexp:recipes/redstone/smooth_glowstone_pressure_plate": {
    "criteria": {
      "has_smooth_glowstone": "2024-07-31 18:42:16 +0000"
    },
    "done": true
  },
  "minecraft:recipes/decorations/cartography_table": {
    "criteria": {
      "has_paper": "2024-08-01 19:00:03 +0000"
    },
    "done": true
  },
  "minecraft:recipes/food/cooked_salmon": {
    "criteria": {
      "has_salmon": "2024-08-01 18:43:27 +0000"
    },
    "done": true
  },
  "croptopia:recipes/croptopia.croptopia/cooked_calamari_from_calamari": {
    "criteria": {
      "has_calamari": "2024-08-01 18:44:07 +0000"
    },
    "done": true
  },
  "minecraft:story/root": {
    "criteria": {
      "crafting_table": "2024-08-01 18:37:31 +0000"
    },
    "done": true
  },
  "minecraft:recipes/combat/crossbow": {
    "criteria": {
      "has_stick": "2024-08-01 18:37:40 +0000"
    },
    "done": true
  },
  "sophisticatedbackpacks:recipes/sophisticatedbackpacks/upgrade_base": {
    "criteria": {
      "has_leather": "2024-08-01 18:59:22 +0000"
    },
    "done": true
  },
  "minecraft:recipes/redstone/spruce_pressure_plate": {
    "criteria": {
      "has_planks": "2024-08-01 18:37:30 +0000"
    },
    "done": true
  },
  "minecraft:recipes/transportation/spruce_chest_boat": {
    "criteria": {
      "has_boat": "2024-08-01 18:57:33 +0000"
    },
    "done": true
  },
  "farmersdelight:recipes/farmersdelight/cooking/fish_stew": {
    "criteria": {
      "has_any_ingredient": "2024-08-01 18:43:27 +0000"
    },
    "done": true
  },
  "minecraft:recipes/food/cooked_porkchop_from_smoking": {
    "criteria": {
      "has_porkchop": "2024-08-01 19:40:07 +0000"
    },
    "done": true
  },
  "simplytools:recipes/simplytools/golden_hammer": {
    "criteria": {
      "criterion1": "2024-08-01 18:37:40 +0000"
    },
    "done": true
  },
  "mcwbridges:recipes/spruce_rail_bridge": {
    "criteria": {
      "has_planks": "2024-08-01 18:37:30 +0000"
    },
    "done": true
  },
  "croptopia:recipes/croptopia.croptopia/lettuce_seed": {
    "criteria": {
      "has_lettuce": "2024-08-01 19:12:44 +0000"
    },
    "done": true
  },
  "farmersdelight:recipes/farmersdelight/cooking/noodle_soup": {
    "criteria": {
      "has_any_ingredient": "2024-08-01 19:40:07 +0000"
    },
    "done": true
  },
  "croptopia:recipes/croptopia.croptopia/molasses_from_sugar_cane": {
    "criteria": {
      "has_sugar_cane": "2024-08-01 18:54:33 +0000"
    },
    "done": true
  },
  "infinitybuttons:recipe/redstone/spruce_large_button": {
    "criteria": {
      "has_thing": "2024-08-01 18:37:30 +0000"
    },
    "done": true
  },
  "byg:recipes/byg.byg/green_enchanted_chest_boat": {
    "criteria": {
      "has_boat": "2024-08-01 18:57:33 +0000"
    },
    "done": true
  },
  "create:recipes/create.palettes/small_veridium_brick_slab_from_stone_types_veridium_stonecutting": {
    "criteria": {
      "has_stone_types_veridium": "2024-08-01 19:08:12 +0000"
    },
    "done": true
  },
  "minecraft:recipes/building_blocks/red_concrete_powder": {
    "criteria": {
      "has_sand": "2024-07-31 19:55:58 +0000"
    },
    "done": true
  },
  "minecraft:recipes/decorations/light_blue_bed_from_white_bed": {
    "criteria": {
      "has_bed": "2024-07-31 20:02:25 +0000"
    },
    "done": true
  },
  "create:recipes/create.palettes/spruce_window": {
    "criteria": {
      "has_ingredient": "2024-08-01 18:37:30 +0000"
    },
    "done": true
  },
  "betterdungeons:root": {
    "criteria": {
      "always": "2024-07-31 18:42:16 +0000"
    },
    "done": true
  },
  "sophisticatedbackpacks:recipes/sophisticatedbackpacks/backpack": {
    "criteria": {
      "has_leather": "2024-08-01 18:59:22 +0000"
    },
    "done": true
  },
  "minecraft:recipes/combat/leather_chestplate": {
    "criteria": {
      "has_leather": "2024-08-01 18:59:22 +0000"
    },
    "done": true
  },
  "securitycraft:recipes/securitycraft/reinforced_diorite": {
    "criteria": {
      "has_cobblestone": "2024-08-01 18:37:53 +0000"
    },
    "done": true
  },
  "mcwlights:recipes/lantern": {
    "criteria": {
      "has_the_recipe": "2024-08-01 18:38:24 +0000"
    },
    "done": true
  },
  "byg:recipes/byg.byg/pine_chest_boat": {
    "criteria": {
      "has_boat": "2024-08-01 18:57:33 +0000"
    },
    "done": true
  },
  "create:recipes/create.base/crafting/appliances/crafting_blueprint": {
    "criteria": {
      "has_item": "2024-08-01 18:37:31 +0000"
    },
    "done": true
  },
  "minecraft:adventure/kill_a_mob": {
    "criteria": {
      "minecraft:creeper": "2024-08-01 18:53:28 +0000"
    },
    "done": true
  },
  "infernalexp:recipes/building_blocks/glass": {
    "criteria": {
      "has_silt": "2024-07-31 18:42:16 +0000"
    },
    "done": true
  },
  "infernalexp:recipes/food/cooked_hogchop_smoking": {
    "criteria": {
      "has_hogchop": "2024-07-31 18:42:16 +0000"
    },
    "done": true
  },
  "mcwtrpdoors:recipes/print_cottage": {
    "criteria": {
      "has_logs": "2024-08-01 18:36:55 +0000"
    },
    "done": true
  },
  "rottencreatures:recipes/rottencreatures.rottencreatures/tnt_barrel": {
    "criteria": {
      "has_gunpowder": "2024-08-01 18:53:28 +0000"
    },
    "done": true
  },
  "byg:root": {
    "criteria": {
      "tick": "2024-07-31 18:42:16 +0000"
    },
    "done": true
  },
  "byg:adventure/oh_the_biomes_youll_go": {
    "criteria": {
      "byg:coconino_meadow": "2024-08-01 19:12:12 +0000",
      "byg:autumnal_forest": "2024-07-31 18:43:29 +0000",
      "byg:zelkova_forest": "2024-08-01 19:23:57 +0000",
      "byg:autumnal_valley": "2024-08-01 19:08:44 +0000",
      "byg:skyris_vale": "2024-08-01 19:23:18 +0000",
      "byg:maple_taiga": "2024-08-01 18:57:48 +0000"
    },
    "done": false
  },
  "infernalexp:recipes/combat/glowsilk_bow": {
    "criteria": {
      "has_glowsilk": "2024-07-31 18:42:16 +0000"
    },
    "done": true
  },
  "infinitybuttons:recipe/redstone/sand_button": {
    "criteria": {
      "has_thing": "2024-07-31 19:55:58 +0000"
    },
    "done": true
  },
  "mcwtrpdoors:recipes/spruce/spruce_paper_trapdoor": {
    "criteria": {
      "has_logs": "2024-08-01 18:36:55 +0000"
    },
    "done": true
  },
  "farmersdelight:recipes/farmersdelight/flint_knife": {
    "criteria": {
      "has_stick": "2024-08-01 18:37:40 +0000"
    },
    "done": true
  },
  "tombstone:recipes/from_grave_dust": {
    "criteria": {
      "has_ingredient": "2024-08-01 19:40:09 +0000"
    },
    "done": true
  },
  "minecraft:recipes/building_blocks/stone": {
    "criteria": {
      "has_cobblestone": "2024-08-01 18:37:53 +0000"
    },
    "done": true
  },
  "mcwtrpdoors:recipes/spruce/spruce_glass_trapdoor": {
    "criteria": {
      "has_logs": "2024-08-01 18:36:55 +0000"
    },
    "done": true
  },
  "croptopia:recipes/toast_with_jam": {
    "criteria": {
      "has_toast": "2024-08-01 19:04:28 +0000"
    },
    "done": true
  },
  "mcwtrpdoors:recipes/acacia/spruce_bark_trapdoor": {
    "criteria": {
      "has_logs": "2024-08-01 18:36:55 +0000"
    },
    "done": true
  },
  "mcwlights:recipes/torches": {
    "criteria": {
      "has_the_recipe": "2024-08-01 18:38:24 +0000"
    },
    "done": true
  },
  "infernalexp:recipes/redstone/smooth_dullstone_button": {
    "criteria": {
      "has_smooth_dullstone": "2024-07-31 18:42:16 +0000"
    },
    "done": true
  },
  "minecraft:adventure/adventuring_time": {
    "criteria": {
      "minecraft:old_growth_pine_taiga": "2024-07-31 18:42:17 +0000",
      "minecraft:taiga": "2024-08-01 18:48:09 +0000",
      "minecraft:frozen_river": "2024-08-01 18:54:34 +0000",
      "minecraft:beach": "2024-08-01 18:49:16 +0000",
      "minecraft:river": "2024-07-31 18:43:44 +0000",
      "minecraft:snowy_plains": "2024-08-01 18:55:42 +0000",
      "minecraft:forest": "2024-08-01 18:48:44 +0000",
      "minecraft:snowy_beach": "2024-08-01 18:55:52 +0000",
      "minecraft:plains": "2024-08-01 18:59:57 +0000"
    },
    "done": false
  },
  "byg:husbandry/root": {
    "criteria": {
      "consumed_item": "2024-08-01 18:41:56 +0000"
    },
    "done": true
  },
  "mcwdoors:recipes/warped": {
    "criteria": {
      "has_planks": "2024-07-31 18:42:16 +0000"
    },
    "done": true
  },
  "minecraft:recipes/decorations/purple_bed_from_white_bed": {
    "criteria": {
      "has_bed": "2024-07-31 20:02:25 +0000"
    },
    "done": true
  },
  "minecraft:recipes/misc/book": {
    "criteria": {
      "has_paper": "2024-08-01 19:00:03 +0000"
    },
    "done": true
  },
  "simplytools:recipes/simplytools/wooden_hammer_head": {
    "criteria": {
      "criterion0": "2024-08-01 18:37:30 +0000"
    },
    "done": true
  },
  "minecraft:recipes/combat/stone_sword": {
    "criteria": {
      "has_cobblestone": "2024-08-01 18:37:53 +0000"
    },
    "done": true
  },
  "botania:recipes/botania/speed_up_belt": {
    "criteria": {
      "has_item": "2024-08-01 19:00:05 +0000"
    },
    "done": true
  },
  "minecraft:recipes/decorations/barrel": {
    "criteria": {
      "has_planks": "2024-08-01 18:37:30 +0000"
    },
    "done": true
  },
  "minecraft:recipes/decorations/cobblestone_wall": {
    "criteria": {
      "has_cobblestone": "2024-08-01 18:37:53 +0000"
    },
    "done": true
  },
  "create:recipes/create.palettes/cut_veridium_bricks_from_stone_types_veridium_stonecutting": {
    "criteria": {
      "has_stone_types_veridium": "2024-08-01 19:08:12 +0000"
    },
    "done": true
  },
  "simplytools:recipes/simplytools/diamond_excavator_head": {
    "criteria": {
      "criterion0": "2024-08-01 19:15:50 +0000"
    },
    "done": true
  },
  "minecraft:recipes/tools/stone_pickaxe": {
    "criteria": {
      "has_cobblestone": "2024-08-01 18:37:53 +0000"
    },
    "done": true
  },
  "betteranimalsplus:root": {
    "criteria": {
      "tick": "2024-07-31 18:42:16 +0000"
    },
    "done": true
  },
  "mcwroofs:recipes/concrete": {
    "criteria": {
      "has_planks": "2024-07-31 19:55:58 +0000"
    },
    "done": true
  },
  "mcwtrpdoors:recipes/spruce/spruce_mystic_trapdoor": {
    "criteria": {
      "has_logs": "2024-08-01 18:36:55 +0000"
    },
    "done": true
  },
  "farmersdelight:recipes/farmersdelight/diamond_knife": {
    "criteria": {
      "has_diamond": "2024-08-01 19:15:50 +0000"
    },
    "done": true
  },
  "securitycraft:recipes/securitycraft/motion_activated_light": {
    "criteria": {
      "has_stick": "2024-08-01 18:37:40 +0000"
    },
    "done": true
  },
  "minecraft:recipes/combat/leather_boots": {
    "criteria": {
      "has_leather": "2024-08-01 18:59:22 +0000"
    },
    "done": true
  },
  "minecraft:recipes/transportation/jungle_boat": {
    "criteria": {
      "in_water": "2024-07-31 18:44:08 +0000"
    },
    "done": true
  },
  "croptopia:recipes/campfire_molasses": {
    "criteria": {
      "has_sugar_cane": "2024-08-01 18:54:33 +0000"
    },
    "done": true
  },
  "minecraft:recipes/decorations/cobblestone_wall_from_cobblestone_stonecutting": {
    "criteria": {
      "has_cobblestone": "2024-08-01 18:37:53 +0000"
    },
    "done": true
  },
  "infernalexp:recipes/redstone/smooth_dimstone_button": {
    "criteria": {
      "has_smooth_dimstone": "2024-07-31 18:42:16 +0000"
    },
    "done": true
  },
  "mcwlights:recipes/paper_lamp": {
    "criteria": {
      "has_the_recipe": "2024-08-01 18:38:24 +0000"
    },
    "done": true
  },
  "minecraft:recipes/misc/black_dye": {
    "criteria": {
      "has_ink_sac": "2024-08-01 18:44:07 +0000"
    },
    "done": true
  },
  "create:recipes/create.palettes/layered_veridium_from_stone_types_veridium_stonecutting": {
    "criteria": {
      "has_stone_types_veridium": "2024-08-01 19:08:12 +0000"
    },
    "done": true
  },
  "mcwroofs:recipes/spruce_planks": {
    "criteria": {
      "has_planks": "2024-08-01 18:37:30 +0000"
    },
    "done": true
  },
  "minecraft:recipes/building_blocks/diamond_block": {
    "criteria": {
      "has_diamond": "2024-08-01 19:15:50 +0000"
    },
    "done": true
  },
  "minecraft:recipes/transportation/dark_oak_boat": {
    "criteria": {
      "in_water": "2024-07-31 18:44:08 +0000"
    },
    "done": true
  },
  "minecraft:recipes/food/pumpkin_pie": {
    "criteria": {
      "has_pumpkin": "2024-08-01 19:04:48 +0000"
    },
    "done": true
  },
  "create:recipes/create.palettes/small_veridium_brick_stairs_from_stone_types_veridium_stonecutting": {
    "criteria": {
      "has_stone_types_veridium": "2024-08-01 19:08:12 +0000"
    },
    "done": true
  },
  "farmersdelight:recipes/farmersdelight/cooking/pumpkin_soup": {
    "criteria": {
      "has_any_ingredient": "2024-08-01 19:04:48 +0000"
    },
    "done": true
  },
  "evilcraft:root": {
    "criteria": {
      "criteria_0": "2024-08-01 19:41:23 +0000"
    },
    "done": true
  },
  "create:recipes/create.palettes/cut_veridium_wall_from_stone_types_veridium_stonecutting": {
    "criteria": {
      "has_stone_types_veridium": "2024-08-01 19:08:12 +0000"
    },
    "done": true
  },
  "minecraft:recipes/decorations/brown_bed_from_white_bed": {
    "criteria": {
      "has_bed": "2024-07-31 20:02:25 +0000"
    },
    "done": true
  },
  "dungeons_arise:wda_root": {
    "criteria": {
      "WDA": "2024-07-31 18:42:16 +0000"
    },
    "done": true
  },
  "byg:recipes/byg.byg/holly_chest_boat": {
    "criteria": {
      "has_boat": "2024-08-01 18:57:33 +0000"
    },
    "done": true
  },
  "byg:recipes/byg.byg/cherry_chest_boat": {
    "criteria": {
      "has_boat": "2024-08-01 18:57:33 +0000"
    },
    "done": true
  },
  "mcwbridges:recipes/spruce_log_bridge_middle": {
    "criteria": {
      "has_planks": "2024-08-01 18:37:30 +0000"
    },
    "done": true
  },
  "infernalexp:recipes/redstone/polished_basalt_pressure_plate": {
    "criteria": {
      "has_polished_basalt": "2024-07-31 18:42:16 +0000"
    },
    "done": true
  },
  "securitycraft:recipes/securitycraft/reinforced_packed_mud": {
    "criteria": {
      "has_wheat": "2024-08-01 19:00:15 +0000"
    },
    "done": true
  },
  "minecraft:recipes/redstone/spruce_trapdoor": {
    "criteria": {
      "has_planks": "2024-08-01 18:37:30 +0000"
    },
    "done": true
  },
  "simplytools:recipes/simplytools/netherite_excavator": {
    "criteria": {
      "criterion1": "2024-08-01 18:37:40 +0000"
    },
    "done": true
  },
  "create:recipes/create.palettes/cut_veridium_stairs_from_stone_types_veridium_stonecutting": {
    "criteria": {
      "has_stone_types_veridium": "2024-08-01 19:08:12 +0000"
    },
    "done": true
  },
  "betteranimalsplus:bad_fox": {
    "criteria": {
      "no_bam": "2024-07-31 18:42:26 +0000"
    },
    "done": false
  },
  "mcwdoors:recipes/bamboo": {
    "criteria": {
      "has_planks": "2024-07-31 18:42:16 +0000"
    },
    "done": true
  },
  "mcwdoors:recipes/crimson": {
    "criteria": {
      "has_planks": "2024-07-31 18:42:16 +0000"
    },
    "done": true
  },
  "mcwroofs:recipes/thatch": {
    "criteria": {
      "has_planks": "2024-08-01 19:00:15 +0000"
    },
    "done": true
  },
  "minecraft:recipes/combat/diamond_boots": {
    "criteria": {
      "has_diamond": "2024-08-01 19:15:50 +0000"
    },
    "done": true
  },
  "mcwdoors:recipes/birch": {
    "criteria": {
      "has_planks": "2024-07-31 18:42:16 +0000"
    },
    "done": true
  },
  "mca:recipes/misc/blueprint": {
    "criteria": {
      "has_item": "2024-08-01 19:00:03 +0000"
    },
    "done": true
  },
  "croptopia:eatcrafted": {
    "criteria": {
      "eat_crafted": "2024-08-01 19:08:04 +0000"
    },
    "done": true
  },
  "minecraft:recipes/decorations/red_bed_from_white_bed": {
    "criteria": {
      "has_bed": "2024-07-31 20:02:25 +0000"
    },
    "done": true
  },
  "mcwdoors:recipes/mangrove": {
    "criteria": {
      "has_planks": "2024-07-31 18:42:16 +0000"
    },
    "done": true
  },
  "minecraft:recipes/decorations/soul_campfire": {
    "criteria": {
      "has_stick": "2024-08-01 18:37:40 +0000"
    },
    "done": true
  },
  "farmersdelight:recipes/farmersdelight/cooking/squid_ink_pasta": {
    "criteria": {
      "has_any_ingredient": "2024-08-01 18:44:07 +0000"
    },
    "done": true
  },
  "minecraft:recipes/tools/stone_axe": {
    "criteria": {
      "has_cobblestone": "2024-08-01 18:37:53 +0000"
    },
    "done": true
  },
  "croptopia:recipes/croptopia.croptopia/pumpkin_soup": {
    "criteria": {
      "has_pumpkin": "2024-08-01 19:04:48 +0000"
    },
    "done": true
  },
  "croptopia:recipes/croptopia.croptopia/apricot_sapling": {
    "criteria": {
      "has_apricot": "2024-08-01 18:48:54 +0000"
    },
    "done": true
  },
  "create:recipes/create.palettes/cut_veridium_slab_from_stone_types_veridium_stonecutting": {
    "criteria": {
      "has_stone_types_veridium": "2024-08-01 19:08:12 +0000"
    },
    "done": true
  },
  "create:recipes/create.palettes/small_veridium_brick_wall_from_stone_types_veridium_stonecutting": {
    "criteria": {
      "has_stone_types_veridium": "2024-08-01 19:08:12 +0000"
    },
    "done": true
  },
  "minecraft:recipes/decorations/light_gray_bed_from_white_bed": {
    "criteria": {
      "has_bed": "2024-07-31 20:02:25 +0000"
    },
    "done": true
  },
  "DataVersion": 3120
}